Plate,Row,Column,Phenotypes.ExperimentGrowthYield,Phenotypes.GenerationTime,Phenotypes.ExperimentPopulationDoublings,Phenotypes.ExperimentBaseLine,Phenotypes.ColonySize48h
0,0,0,NoGrowth,NoGrowth,NoGrowth,NoGrowth,NoGrowth
0,0,1,NoGrowth,NoGrowth,NoGrowth,NoGrowth,NoGrowth
0,0,2,NoGrowth,NoGrowth,-0.560756383,-5.093524746,-11.69115725
0,0,3,NoGrowth,NoGrowth,NoGrowth,NoGrowth,NoGrowth
0,0,4,NoGrowth,NoGrowth,NoGrowth,NoGrowth,NoGrowth
0,0,5,NoGrowth,NoGrowth,NoGrowth,NoGrowth,NoGrowth
0,0,6,NoGrowth,NoGrowth,NoGrowth,NoGrowth,NoGrowth
0,0,7,NoGrowth,NoGrowth,NoGrowth,NoGrowth,NoGrowth
0,0,8,NoGrowth,NoGrowth,NoGrowth,NoGrowth,NoGrowth
0,0,9,NoGrowth,NoGrowth,NoGrowth,NoGrowth,NoGrowth
0,0,10,NoGrowth,NoGrowth,NoGrowth,NoGrowth,NoGrowth
0,0,11,NoGrowth,NoGrowth,NoGrowth,NoGrowth,NoGrowth
0,0,12,NoGrowth,NoGrowth,NoGrowth,NoGrowth,NoGrowth
0,0,13,NoGrowth,NoGrowth,NoGrowth,NoGrowth,NoGrowth
0,0,14,NoGrowth,NoGrowth,-0.204496536,-6.500736736,-12.89850093
0,0,15,-10.23342296,0.871232013,-0.829215971,-7.027887832,-10.40618564
0,0,16,NoGrowth,NoGrowth,NoGrowth,NoGrowth,NoGrowth
0,0,17,NoGrowth,NoGrowth,NoGrowth,NoGrowth,NoGrowth
0,0,18,NoGrowth,NoGrowth,NoGrowth,NoGrowth,NoGrowth
0,0,19,NoGrowth,NoGrowth,NoGrowth,NoGrowth,NoGrowth
0,0,20,NoGrowth,NoGrowth,NoGrowth,NoGrowth,NoGrowth
0,0,21,NoGrowth,NoGrowth,NoGrowth,NoGrowth,NoGrowth
0,0,22,NoGrowth,NoGrowth,NoGrowth,NoGrowth,NoGrowth
0,0,23,NoGrowth,NoGrowth,NoGrowth,NoGrowth,NoGrowth
0,0,24,NoGrowth,NoGrowth,NoGrowth,NoGrowth,NoGrowth
0,0,25,NoGrowth,NoGrowth,NoGrowth,NoGrowth,NoGrowth
0,0,26,NoGrowth,NoGrowth,NoGrowth,NoGrowth,NoGrowth
0,0,27,NoGrowth,NoGrowth,NoGrowth,NoGrowth,NoGrowth
0,0,28,NoGrowth,NoGrowth,NoGrowth,NoGrowth,NoGrowth
0,0,29,NoGrowth,NoGrowth,NoGrowth,NoGrowth,NoGrowth
0,0,30,NoGrowth,NoGrowth,NoGrowth,NoGrowth,NoGrowth
0,0,31,NoGrowth,NoGrowth,NoGrowth,NoGrowth,NoGrowth
0,0,32,NoGrowth,NoGrowth,NoGrowth,NoGrowth,NoGrowth
0,0,33,NoGrowth,NoGrowth,NoGrowth,NoGrowth,NoGrowth
0,0,34,NoGrowth,NoGrowth,NoGrowth,NoGrowth,NoGrowth
0,0,35,NoGrowth,NoGrowth,NoGrowth,NoGrowth,NoGrowth
0,0,36,NoGrowth,NoGrowth,NoGrowth,NoGrowth,NoGrowth
0,0,37,NoGrowth,NoGrowth,NoGrowth,NoGrowth,NoGrowth
0,0,38,NoGrowth,NoGrowth,NoGrowth,NoGrowth,NoGrowth
0,0,39,NoGrowth,NoGrowth,NoGrowth,NoGrowth,NoGrowth
0,0,40,NoGrowth,NoGrowth,NoGrowth,NoGrowth,NoGrowth
0,0,41,NoGrowth,NoGrowth,NoGrowth,NoGrowth,NoGrowth
0,0,42,NoGrowth,NoGrowth,NoGrowth,NoGrowth,NoGrowth
0,0,43,NoGrowth,NoGrowth,NoGrowth,NoGrowth,NoGrowth
0,0,44,NoGrowth,NoGrowth,NoGrowth,NoGrowth,NoGrowth
0,0,45,NoGrowth,NoGrowth,NoGrowth,NoGrowth,NoGrowth
0,0,46,-1.313212355,0.099588137,-0.42378416,0.237265912,-1.19819318
0,0,47,-1.51563296,0.05861966,-0.402809701,-0.004439955,-1.295847912
0,1,0,NoGrowth,NoGrowth,-0.119462957,-7.999148584,-12.76980346
0,1,1,NoGrowth,NoGrowth,NoGrowth,NoGrowth,NoGrowth
0,1,2,NoGrowth,NoGrowth,NoGrowth,NoGrowth,NoGrowth
0,1,3,0,0,0,0,0
0,1,4,NoGrowth,NoGrowth,0.517622848,-9.635075386,-12.56406766
0,1,5,0,0,0,0,0
0,1,6,NoGrowth,NoGrowth,0.135846181,-8.981924354,-13.57688401
0,1,7,0,0,0,0,0
0,1,8,NoGrowth,NoGrowth,0.047394711,-8.30503456,-12.66531592
0,1,9,0,0,0,0.284515488,0
0,1,10,NoGrowth,NoGrowth,0.208624213,-8.498251369,-13.10223326
0,1,11,0,0,0,0,0
0,1,12,NoGrowth,NoGrowth,-0.006684689,-9.072641855,-13.04283546
0,1,13,0,0,0,0,0
0,1,14,NoGrowth,NoGrowth,-0.011116703,-9.195773569,-14.39434375
0,1,15,0,0,0,0.367458812,0
0,1,16,NoGrowth,NoGrowth,-1.490724447,-4.010900804,-9.674971109
0,1,17,0,0,0,0,0
0,1,18,NoGrowth,NoGrowth,NoGrowth,NoGrowth,NoGrowth
0,1,19,0,0,0,0,0
0,1,20,NoGrowth,NoGrowth,-0.190624642,-8.839810276,-14.80301192
0,1,21,0,0,0,0,0
0,1,22,NoGrowth,NoGrowth,-0.230742939,-8.345559352,-13.24628515
0,1,23,0,0,0,0,0
0,1,24,NoGrowth,NoGrowth,-1.361411143,-4.803707054,-11.21283629
0,1,25,0,0,0,0,0
0,1,26,NoGrowth,NoGrowth,-0.222998892,-9.231619998,-14.83415034
0,1,27,0,0,0,0,0
0,1,28,NoGrowth,NoGrowth,-0.251948748,-8.289601602,-12.70798501
0,1,29,0,0,0,0,0
0,1,30,NoGrowth,NoGrowth,0.033798019,-9.575252442,-13.69453732
0,1,31,0,0,0,0,0
0,1,32,NoGrowth,NoGrowth,-2.368059217,-4.569342238,-10.55074585
0,1,33,0,0,0,0,0
0,1,34,NoGrowth,NoGrowth,-0.21671952,-8.739824529,-13.59119831
0,1,35,0,0,0,0,0
0,1,36,NoGrowth,NoGrowth,-0.101132292,-9.268240523,-14.25619101
0,1,37,0,0,0,0,0
0,1,38,NoGrowth,NoGrowth,0.182330729,-9.579078921,-14.46098215
0,1,39,0,0,0,0,0
0,1,40,NoGrowth,NoGrowth,-0.762771439,-6.848969631,-12.10941372
0,1,41,0,0,0,0,0
0,1,42,NoGrowth,NoGrowth,-0.225675382,-7.62318334,-12.95393667
0,1,43,0,0,0,0,0
0,1,44,NoGrowth,NoGrowth,NoGrowth,NoGrowth,NoGrowth
0,1,45,0,0,0,0,0
0,1,46,-1.707602981,0.025644163,-0.459025353,-0.038799247,-1.412196045
0,1,47,0,0,0,0,0
0,2,0,NoGrowth,NoGrowth,NoGrowth,NoGrowth,NoGrowth
0,2,1,NoGrowth,NoGrowth,0.46287241,-8.679988538,-12.49115124
0,2,2,NoGrowth,NoGrowth,NoGrowth,NoGrowth,NoGrowth
0,2,3,NoGrowth,NoGrowth,0.205617357,-9.806616274,-13.10609805
0,2,4,NoGrowth,NoGrowth,NoGrowth,NoGrowth,NoGrowth
0,2,5,-7.660043311,0.493907309,-1.258125141,-3.620026576,-7.884192864
0,2,6,NoGrowth,NoGrowth,NoGrowth,NoGrowth,NoGrowth
0,2,7,-9.53372376,1.080774657,-2.477347396,-3.433652564,-8.593294144
0,2,8,NoGrowth,NoGrowth,NoGrowth,NoGrowth,NoGrowth
0,2,9,-9.90313518,0.545038308,-1.9126011,-4.713531119,-9.43140212
0,2,10,NoGrowth,NoGrowth,NoGrowth,NoGrowth,NoGrowth
0,2,11,NoGrowth,NoGrowth,NoGrowth,NoGrowth,NoGrowth
0,2,12,NoGrowth,NoGrowth,NoGrowth,NoGrowth,NoGrowth
0,2,13,-7.854394149,0.443417873,-1.612380144,-3.195533435,-7.660142353
0,2,14,NoGrowth,NoGrowth,NoGrowth,NoGrowth,NoGrowth
0,2,15,NoGrowth,NoGrowth,NoGrowth,NoGrowth,NoGrowth
0,2,16,NoGrowth,NoGrowth,NoGrowth,NoGrowth,NoGrowth
0,2,17,-8.092112833,0.041507872,-1.339545841,-3.888614833,-8.04677318
0,2,18,NoGrowth,NoGrowth,NoGrowth,NoGrowth,NoGrowth
0,2,19,-8.018195719,1.014842063,-1.77499888,-2.945819485,-8.037869921
0,2,20,NoGrowth,NoGrowth,NoGrowth,NoGrowth,NoGrowth
0,2,21,-8.048351646,1.151559102,-2.232309817,-2.22715116,-7.459773098
0,2,22,NoGrowth,NoGrowth,NoGrowth,NoGrowth,NoGrowth
0,2,23,NoGrowth,NoGrowth,NoGrowth,NoGrowth,NoGrowth
0,2,24,NoGrowth,NoGrowth,NoGrowth,NoGrowth,NoGrowth
0,2,25,NoGrowth,NoGrowth,NoGrowth,NoGrowth,NoGrowth
0,2,26,NoGrowth,NoGrowth,NoGrowth,NoGrowth,NoGrowth
0,2,27,-7.96398252,0.773169503,-1.985024334,-2.542164061,-7.2127498
0,2,28,NoGrowth,NoGrowth,NoGrowth,NoGrowth,NoGrowth
0,2,29,NoGrowth,NoGrowth,NoGrowth,NoGrowth,NoGrowth
0,2,30,NoGrowth,NoGrowth,NoGrowth,NoGrowth,NoGrowth
0,2,31,NoGrowth,NoGrowth,NoGrowth,NoGrowth,NoGrowth
0,2,32,NoGrowth,NoGrowth,NoGrowth,NoGrowth,NoGrowth
0,2,33,NoGrowth,NoGrowth,NoGrowth,NoGrowth,NoGrowth
0,2,34,NoGrowth,NoGrowth,NoGrowth,NoGrowth,NoGrowth
0,2,35,NoGrowth,NoGrowth,NoGrowth,NoGrowth,NoGrowth
0,2,36,NoGrowth,NoGrowth,NoGrowth,NoGrowth,NoGrowth
0,2,37,-8.094285823,0.980779741,-1.741520482,-3.289613388,-7.336261249
0,2,38,NoGrowth,NoGrowth,NoGrowth,NoGrowth,NoGrowth
0,2,39,NoGrowth,NoGrowth,NoGrowth,NoGrowth,NoGrowth
0,2,40,NoGrowth,NoGrowth,NoGrowth,NoGrowth,NoGrowth
0,2,41,-8.16959112,0.845230328,-2.052373692,-3.067456344,-7.646038232
0,2,42,NoGrowth,NoGrowth,NoGrowth,NoGrowth,NoGrowth
0,2,43,NoGrowth,NoGrowth,NoGrowth,NoGrowth,NoGrowth
0,2,44,-0.240214554,0.056939626,-0.12073726,0.183910706,-0.168135927
0,2,45,-0.345211001,0.003212365,-0.085280949,-0.005062721,-0.249315063
0,2,46,-0.269046765,0.044867942,-0.05890422,-0.061857029,-0.186250037
0,2,47,-0.111647902,0.021775486,-0.023225656,-0.031105748,-0.070387456
0,3,0,NoGrowth,NoGrowth,NoGrowth,NoGrowth,NoGrowth
0,3,1,0,0,0,0,0
0,3,2,NoGrowth,NoGrowth,NoGrowth,NoGrowth,NoGrowth
0,3,3,0,0,0,0,0
0,3,4,NoGrowth,NoGrowth,NoGrowth,NoGrowth,NoGrowth
0,3,5,0,0,0,0,0
0,3,6,NoGrowth,NoGrowth,NoGrowth,NoGrowth,NoGrowth
0,3,7,0,0,0,0,0
0,3,8,NoGrowth,NoGrowth,NoGrowth,NoGrowth,NoGrowth
0,3,9,0,0,0,0,0
0,3,10,NoGrowth,NoGrowth,NoGrowth,NoGrowth,NoGrowth
0,3,11,0,0,0,0,0
0,3,12,NoGrowth,NoGrowth,NoGrowth,NoGrowth,NoGrowth
0,3,13,0,0,0,0,0
0,3,14,NoGrowth,NoGrowth,NoGrowth,NoGrowth,NoGrowth
0,3,15,0,0,0,0,0
0,3,16,NoGrowth,NoGrowth,NoGrowth,NoGrowth,NoGrowth
0,3,17,0,0,0,0,0
0,3,18,NoGrowth,NoGrowth,NoGrowth,NoGrowth,NoGrowth
0,3,19,0,0,0,0,0
0,3,20,NoGrowth,NoGrowth,NoGrowth,NoGrowth,NoGrowth
0,3,21,0,0,0,0,0
0,3,22,NoGrowth,NoGrowth,NoGrowth,NoGrowth,NoGrowth
0,3,23,0,0,0,0,0
0,3,24,NoGrowth,NoGrowth,NoGrowth,NoGrowth,NoGrowth
0,3,25,0,0,0,0,0
0,3,26,NoGrowth,NoGrowth,NoGrowth,NoGrowth,NoGrowth
0,3,27,0,0,0,0,0
0,3,28,NoGrowth,NoGrowth,NoGrowth,NoGrowth,NoGrowth
0,3,29,0,0,0,0,0
0,3,30,NoGrowth,NoGrowth,NoGrowth,NoGrowth,NoGrowth
0,3,31,0,0,0,0,0
0,3,32,NoGrowth,NoGrowth,NoGrowth,NoGrowth,NoGrowth
0,3,33,0,0,0,0,0
0,3,34,NoGrowth,NoGrowth,NoGrowth,NoGrowth,NoGrowth
0,3,35,0,0,0,0,0
0,3,36,NoGrowth,NoGrowth,NoGrowth,NoGrowth,NoGrowth
0,3,37,0,0,0,0,0
0,3,38,NoGrowth,NoGrowth,NoGrowth,NoGrowth,NoGrowth
0,3,39,0,0,0,0,0
0,3,40,NoGrowth,NoGrowth,-1.624585252,-6.993027054,-11.56556234
0,3,41,0,0,0,0,0
0,3,42,NoGrowth,NoGrowth,NoGrowth,NoGrowth,NoGrowth
0,3,43,0,0,0,0,0
0,3,44,-0.1764603,-0.040344489,-0.061327651,-0.001416821,-0.154418463
0,3,45,0,0,0,0,0
0,3,46,-0.150805806,0.00382998,-0.009173,-0.06907046,-0.104931796
0,3,47,0,0,0,0,0
0,4,0,-0.092886925,-0.009422352,-0.013361749,-0.031520737,-0.06425636
0,4,1,-0.146696034,-0.018069214,-0.003334135,-0.092429718,-0.067394486
0,4,2,-0.149746291,0.011563956,-0.036776136,0.01387453,-0.098886721
0,4,3,-0.149568078,-0.001699777,-0.016497695,-0.059107952,-0.088467202
0,4,4,-0.115294825,0.024777674,-0.033362722,0.051906552,-0.069650644
0,4,5,-0.129077827,-0.003711657,0.001740642,-0.112768882,-0.089179666
0,4,6,-0.224649502,-0.039553386,-0.009770466,-0.176748879,-0.194220171
0,4,7,-0.225790179,-0.061379072,-0.004182883,-0.200941332,-0.185138642
0,4,8,-0.086634979,-0.03561551,0.005157439,-0.064116037,-0.071270738
0,4,9,-0.092158837,-0.022774286,0.013501683,-0.122346668,-0.066704612
0,4,10,-0.064396577,-0.001179903,0.033290798,-0.09187905,-0.068949858
0,4,11,-0.084161055,0.018332774,0.002735649,-0.073788078,-0.116037941
0,4,12,-0.055665636,-0.043903276,0.016723925,-0.164924177,-0.012852563
0,4,13,-0.042954909,-0.074893162,0.023116617,-0.14843772,-0.006766494
0,4,14,-0.031865179,-0.024669843,0.016413442,-0.149837723,0.002745902
0,4,15,-0.121463102,0.002297055,-0.009673915,-0.079869821,-0.089741088
0,4,16,-0.192026993,0.014756391,-0.008187976,-0.16579946,-0.174668614
0,4,17,-0.168051537,-0.033185988,-0.014601642,-0.115433484,-0.131431013
0,4,18,-0.087210725,-0.001669682,0.01639226,-0.129808615,-0.110899908
0,4,19,-0.053228335,-0.027037237,0.01122807,-0.070256848,-0.112294053
0,4,20,-0.096657969,-0.045586453,-0.002067108,-0.08805446,-0.077585471
0,4,21,-0.106131979,-0.042161667,0.015827876,-0.168418481,-0.086824324
0,4,22,-0.192617565,-0.00986338,-0.010446519,-0.128994036,-0.169772739
0,4,23,-0.304176111,0.076399454,-0.043621784,-0.111895276,-0.27162899
0,4,24,-0.197110878,0.009785939,-0.02777385,-0.072863314,-0.141644762
0,4,25,-0.16339735,-0.049628709,-0.013336153,-0.085018501,-0.102279537
0,4,26,-0.439648005,0.034880783,-0.135353967,0.085949867,-0.424135629
0,4,27,-0.501228075,0.039619773,-0.125615881,0.000538378,-0.475498564
0,4,28,-0.057569686,0.027792101,-0.009686919,0.030468273,-0.054057801
0,4,29,-0.083675559,-0.001851323,-0.002468074,-0.046740717,-0.08066748
0,4,30,-0.108827539,0.015218956,-0.024474077,-0.029365587,-0.065128826
0,4,31,-0.099634828,0.010308284,-0.054081316,0.109540316,-0.057479382
0,4,32,-0.040703604,0.016852694,-0.021341942,0.04571543,-0.039122548
0,4,33,-0.085091719,0.037667504,-0.014944231,-0.012243812,-0.086657921
0,4,34,-0.138464421,0.008830142,-0.033635463,0.020080895,-0.125124826
0,4,35,-0.185566157,0.006339611,-0.037797093,-0.014652531,-0.153682908
0,4,36,-0.035698301,0.017224087,-0.03770855,0.146140782,0.001244758
0,4,37,-0.042956434,0.019861926,-0.039687285,0.136151093,-0.020830108
0,4,38,-0.026608147,0.003561292,-0.021793186,0.088993724,-0.017873503
0,4,39,-0.065796721,-0.02337877,-0.028200907,0.05319331,-0.04448789
0,4,40,-0.044162345,-0.012599713,-0.037003575,0.108214337,-0.027807869
0,4,41,-0.073804686,-0.0236487,-0.025267506,0.035010119,-0.039100955
0,4,42,0.044759227,-0.014914677,-0.010451374,0.058320192,0.0526922
0,4,43,0.015600941,-0.036080671,-0.006657459,0.019902569,0.023289209
0,4,44,0.037404179,0.049927377,-0.002708734,-0.012670525,-0.001447135
0,4,45,0.139148739,-0.08203934,0.067039638,-0.017375422,0.105089572
0,4,46,-0.280661759,-0.067216023,-0.042872944,-0.003952329,-0.239606908
0,4,47,-0.265794432,-0.044531336,-0.075049519,0.018083774,-0.240546483
0,5,0,0.524228052,0.054384274,0.096428542,0.122415601,0.359329529
0,5,1,0,0,0,0,0
0,5,2,-0.123955921,0.05319336,0.018984588,-0.203197083,-0.127156992
0,5,3,0,0,0,0,0
0,5,4,-0.042620007,0.013014453,0.012992792,-0.066821012,-0.042479626
0,5,5,0,0,0,0,0
0,5,6,-0.230796364,0.078223389,-0.017875057,-0.175839356,-0.247244916
0,5,7,0,0,0,0,0
0,5,8,0.020535941,-0.028988981,0.020963078,-0.082064349,0.018735918
0,5,9,0,0,0,0,0
0,5,10,0.159324459,-0.018723683,0.047011301,0.006989889,0.068763036
0,5,11,0,0,0,0,0
0,5,12,0.00748659,-0.02858018,0.017047476,-0.046583426,0.005195558
0,5,13,0,0,0,0,0
0,5,14,0.017094676,-0.00309095,-0.002854527,0.018296109,0.022867721
0,5,15,0,0,0,0,0
0,5,16,-0.081201447,0.025445064,-0.014061978,-0.026547477,-0.0798735
0,5,17,0,0,0,0,0
0,5,18,0.030488427,0.025077938,0.025790861,-0.048617845,-0.035002425
0,5,19,0,0,0,0,0
0,5,20,-0.014575247,-0.028148312,0.019686456,-0.102086797,-0.028011171
0,5,21,0,0,0,0,0
0,5,22,-0.136209331,-0.01109778,-0.016372146,-0.065823533,-0.134134938
0,5,23,0,0,0,0,0
0,5,24,-0.067287163,-0.036951625,0.016941014,-0.14220613,-0.055395706
0,5,25,0,0,0,0,0
0,5,26,-0.291535731,-0.050317934,-0.060475453,-0.084586973,-0.310557181
0,5,27,0,0,0,0,0
0,5,28,-0.024251394,0.021054596,-0.002928532,0.010145685,-0.031906291
0,5,29,0,0,0,0,0
0,5,30,-0.020275358,0.050037478,-0.010378278,0.00820232,-0.025330934
0,5,31,0,0,0,0,0
0,5,32,-0.014829906,0.046892213,-0.003625155,-0.005837086,-0.035810801
0,5,33,0,0,0,0,0
0,5,34,-0.069148987,0.009250138,-0.022383883,0.005352019,-0.066941426
0,5,35,0,0,0,0,0
0,5,36,0.042624912,-0.011869332,-0.027748756,0.132339694,0.06291265
0,5,37,0,0,0,0,0
0,5,38,-0.08547746,0.021185747,-0.008864744,-0.039830455,-0.087266968
0,5,39,0,0,0,0,0
0,5,40,0.025398265,-0.025191122,0.02254387,-0.057623334,0.01995642
0,5,41,0,0,0,0,0
0,5,42,0.016255793,-0.026426859,0.002707059,0.001626967,0.02294412
0,5,43,0,0,0,0,0
0,5,44,0.039630044,-0.028448432,0.012703518,0.093829959,0.03308291
0,5,45,0,0,0,0.199324036,0
0,5,46,-0.283212681,-0.084571451,-0.031567058,0.011419087,-0.235386256
0,5,47,0,0,0,0,0
0,6,0,0.270201326,0.1104614,0.031982268,0.139691029,0.175832598
0,6,1,-0.017980491,-0.001257033,0.007192997,-0.062798307,-0.061836421
0,6,2,-0.049241837,-0.002177574,0.010244852,-0.078320336,-0.052567582
0,6,3,0.032320985,-0.012251702,0.019998007,-0.052989811,0.019718995
0,6,4,0.112076252,-0.021804336,-0.00038351,0.088936346,0.093875796
0,6,5,0.058788984,0.007816176,0.006207142,0.008647707,0.046356009
0,6,6,0.025057997,-0.028913481,0.007890953,-0.001980634,0.011079444
0,6,7,0.032965565,-0.009027208,0.024523366,-0.077669714,0.002582308
0,6,8,6.31E-05,-0.01008106,-0.010587649,-0.088531894,-0.028793056
0,6,9,0.115205826,-0.051662776,0.007670294,0.052597632,0.100153904
0,6,10,0.06145765,0.02334215,-0.023841681,0.049468622,0.041033322
0,6,11,0.060124338,0.004173256,0.003437061,0.016735753,0.032773786
0,6,12,0.04912524,-0.046874558,0.008235453,0.024068209,0.031702463
0,6,13,0.029296798,0.021440323,0.003072787,0.020263783,0.002958386
0,6,14,0.043195395,-0.000411522,-0.002879139,0.03175631,0.029604932
0,6,15,-0.000938418,-0.003597686,0.029056567,-0.114442564,-0.019398766
0,6,16,0.037063987,-0.015170485,0.025140522,-0.053534646,0.024530429
0,6,17,0.006919321,0.007659329,-0.005380294,0.010143998,-0.005927717
0,6,18,-0.075662226,-0.02381832,-0.027069615,0.011795065,-0.086121819
0,6,19,-0.090751031,0.048323813,-0.038769612,0.010568942,-0.105500072
0,6,20,0.094713525,-0.047711034,0.011125687,-0.005972706,0.079567772
0,6,21,0.075228851,-0.066382866,0.032047462,-0.046951298,0.064391092
0,6,22,-0.021666952,-0.039457552,-0.01639465,0.032082124,-0.016518568
0,6,23,-0.089447138,0.017053848,-0.039242025,0.024116214,-0.089910641
0,6,24,0.082573816,0.027159236,0.028445721,-0.079844809,0.066461032
0,6,25,0.066859665,-0.042317115,0.03420344,-0.087880574,0.034960919
0,6,26,-0.029531401,0.015985853,-0.005599786,-0.045849321,-0.066419402
0,6,27,0.050738771,-0.002077908,0.014462181,-0.022553475,0.008498139
0,6,28,-0.034700683,-0.002432808,0.005594896,-0.058535266,-0.042551079
0,6,29,-0.00452381,-0.000222657,0.012574796,-0.079515978,-0.022615305
0,6,30,-0.538452537,0.032564741,-0.15146611,-0.042496123,-0.555833367
0,6,31,-0.583399999,-0.015723991,-0.149694246,-0.09134087,-0.606084932
0,6,32,-0.19311978,0.106623704,-0.050984654,-0.037876539,-0.22932991
0,6,33,0.021374731,-0.025864433,0.009714859,-0.028294957,-0.016695965
0,6,34,-0.047871567,-0.01069298,-0.022955965,0.005090487,-0.05586182
0,6,35,-0.075829384,-0.005715043,-0.038463292,0.032442504,-0.070617267
0,6,36,0.044672902,-0.002585314,-0.000538937,0.034747024,0.062705262
0,6,37,0.014494847,-0.007555534,0.0109701,-0.05005191,0.017382419
0,6,38,0.029763285,0.005863288,0.030370995,-0.085388256,0.015322266
0,6,39,0.047532383,-0.026869227,0.028696838,-0.075656372,0.043501927
0,6,40,0.009592282,-0.020578228,0.004491221,-0.037731762,-0.002430117
0,6,41,0.044985017,-0.013637761,0.014651121,-0.025610063,0.039125259
0,6,42,0.015567165,-0.015924316,0.012740566,-0.031866465,-0.003059873
0,6,43,0.003973625,-0.024255329,0.014076715,-0.025818109,0.013675217
0,6,44,0.033609705,-0.041735492,0.046947746,-0.032407217,0.023351352
0,6,45,-0.010879074,-0.072558895,0.049831518,-0.04459766,-0.00359781
0,6,46,-0.124034499,-0.07923673,0.009830674,0.046096151,-0.083463258
0,6,47,0.027424501,-0.075659401,0.008864625,0.002706098,0.044565912
0,7,0,0.478511358,0.109929193,0.081551653,0.157315725,0.344216622
0,7,1,0,0,0,0,0
0,7,2,-0.102146086,0.018322977,0.018960638,-0.153022604,-0.099399745
0,7,3,0,0,0,0,0
0,7,4,0.041265852,-0.006044008,-0.001938075,0.032515987,0.038897277
0,7,5,0,0,0,0,0
0,7,6,-0.057579028,0.018490023,-0.018764314,0.007195152,-0.052364947
0,7,7,0,0,0,0,0
0,7,8,0.032712541,-0.011933171,0.015383971,-0.022535685,0.030770467
0,7,9,0,0,0,0,0
0,7,10,0.018039755,0.033586426,-0.016488879,0.075821418,0.018826735
0,7,11,0,0,0,0,0
0,7,12,0.03928037,0.013574953,-0.011129146,0.083863555,0.03217355
0,7,13,0,0,0,0,0
0,7,14,-0.029824776,-0.031296766,0.003907801,-0.047672418,-0.029979413
0,7,15,0,0,0,0,0
0,7,16,-0.016948208,0.00407182,0.024372388,-0.099335224,-0.014082581
0,7,17,0,0,0,0,0
0,7,18,-0.117547404,0.020447288,-0.035940109,0.010579457,-0.112927829
0,7,19,0,0,0,0,0
0,7,20,-0.075941842,0.0269155,-0.034756781,0.038316498,-0.075464638
0,7,21,0,0,0,0,0
0,7,22,-0.055249906,-0.016632341,-0.049302955,0.113704959,-0.034948899
0,7,23,0,0,0,0,0
0,7,24,0.030699522,0.023287386,-0.001599735,0.028770527,0.024775352
0,7,25,0,0,0,0,0
0,7,26,-0.00889087,-0.027563351,0.010487821,-0.041316431,-0.035325372
0,7,27,0,0,0,0,0
0,7,28,-0.026156,-0.039232437,-0.010673871,0.014083253,-0.020501545
0,7,29,0,0,0,0,0
0,7,30,-0.663154947,0.063272023,-0.177546986,-0.0785071,-0.657813568
0,7,31,0,0,0,0,0
0,7,32,0.013214118,-0.023385823,-0.004097102,0.026582943,-0.007320396
0,7,33,0,0,0,0,0
0,7,34,-0.09087689,0.006974376,-0.04319415,0.057279294,-0.104830646
0,7,35,0,0,0,0,0
0,7,36,-0.023610333,-0.013104393,-0.005283653,-0.005623765,-0.012096163
0,7,37,0,0,0,0,0
0,7,38,-0.055048533,-0.00316172,0.001914114,-0.056643152,-0.050128617
0,7,39,0,0,0,0,0
0,7,40,-2.11E-05,-0.031110995,0.011071115,-0.045320574,0.000418902
0,7,41,0,0,0,0,0
0,7,42,0.03869162,-0.055509678,0.019130811,-0.020595016,0.036920098
0,7,43,0,0,0,0,0
0,7,44,0.038875547,-0.010242045,0.015272956,-0.050508017,0.020129682
0,7,45,0,0,0,0,0
0,7,46,-0.114027888,0.002746101,-0.008020384,-0.008771524,-0.084280001
0,7,47,0,0,0,0,0
0,8,0,0.508227387,0.040771897,0.075932695,0.209701263,0.422132595
0,8,1,0.001826434,-0.043493546,-0.002863536,0.017247437,0.009180152
0,8,2,-0.036030615,0.036122533,-0.035441502,0.106081673,-0.014500813
0,8,3,0.028134798,-0.007506051,-0.019249378,0.100674576,0.040706806
0,8,4,-0.810582368,0.035506774,-0.248459493,0.007309903,-0.796297114
0,8,5,-0.598278507,-0.004143813,-0.202345129,0.069651928,-0.574476475
0,8,6,-0.035649273,-0.033787342,0.012127958,-0.036112516,-0.024501836
0,8,7,-0.039379019,-0.033678737,0.016042165,-0.081701285,-0.033323951
0,8,8,-0.013459887,0.025438327,-0.014765718,-0.102457388,-0.014218173
0,8,9,-0.032677879,0.031957276,-0.031247766,0.076723985,-0.027950098
0,8,10,0.058135454,0.016286191,-0.01165414,0.050237534,0.065543109
0,8,11,0.012459702,0.021148325,-0.011589587,0.062005051,0.020122877
0,8,12,-0.000967278,-0.043335521,0.006023229,-0.018401058,0.000729043
0,8,13,-0.012805296,0.012292615,0.020685545,-0.078321118,-0.014761556
0,8,14,0.037308356,-0.00898596,-0.003383006,0.053416978,0.042776665
0,8,15,-0.0103156,0.018234722,0.009456964,-0.043845108,-0.013772405
0,8,16,-0.022994785,0.021807268,0.015110862,-0.064754612,-0.024354774
0,8,17,0.000273636,0.018720334,0.008845902,-0.020166966,0.005626889
0,8,18,-0.008303625,0.019259979,-0.012103017,0.039174923,-0.010435546
0,8,19,0.031606614,0.003036676,0.001586319,0.038157583,0.033891114
0,8,20,-0.002246291,-0.024195021,-0.001837175,0.007169917,0.00204289
0,8,21,0.09200322,-0.037897396,0.021808515,0.024133185,0.087969514
0,8,22,-0.038657137,0.064241063,-0.056114523,0.148091182,-0.033517888
0,8,23,0.017353136,-0.016347698,-0.003394111,0.033879162,0.018580751
0,8,24,0.004212815,-0.026996192,0.021748822,-0.064417675,-0.003544115
0,8,25,-0.011765383,-0.019171313,0.011398668,-0.043401864,-0.015259888
0,8,26,-0.084829447,-0.014592263,0.001185667,-0.081597988,-0.082898625
0,8,27,0.032258612,-0.020244671,0.002938484,0.031475642,0.033517929
0,8,28,0.03539301,-0.023472227,-0.007847709,0.072383445,0.036049631
0,8,29,0.012606594,-0.017313435,-0.019440934,0.093524461,0.02354658
0,8,30,0.011563425,-0.025003329,0.005867452,-0.001892982,0.018072492
0,8,31,0.03501869,-0.001789509,-0.012597456,0.077712006,0.040976109
0,8,32,-0.264810766,0.025073817,-0.074254805,-0.009292908,-0.256320386
0,8,33,-0.246657696,0.016781106,-0.083638272,0.043125312,-0.241721952
0,8,34,0.057360459,-0.001367281,-0.01033054,0.099616999,0.053430102
0,8,35,0.008996015,0.020171197,-0.000440948,0.017239582,-0.002237211
0,8,36,0.025582802,-0.021863199,0.008297376,0.004389074,0.020245731
0,8,37,-0.039864014,-0.012489401,0.005459604,-0.053480326,-0.037423591
0,8,38,0.040296616,0.023276666,-0.011212403,0.090790109,0.053625879
0,8,39,0.02998438,0.040968771,-0.044986592,0.195199574,0.044210759
0,8,40,0.048354961,-0.022810725,0.002942761,0.002093139,0.042178361
0,8,41,-0.000861196,-0.009423079,0.018525248,-0.060047671,-0.007625241
0,8,42,0.00605263,-0.010779526,0.002826812,-0.001934214,-0.004336468
0,8,43,0.054183525,-0.021950108,0.001941785,0.036907048,0.049213591
0,8,44,0.045163671,-0.009839011,-0.006077207,0.019260742,0.020851632
0,8,45,-0.0155477,-0.005108407,-0.025748833,0.037768597,-0.023141238
0,8,46,-0.091128389,0.049508693,-0.028568022,0.047615746,-0.06536997
0,8,47,0.005995637,0.028560875,-0.005420153,0.024795401,0.007954067
0,9,0,0.528819053,0.007618153,0.109059806,0.106581268,0.427811447
0,9,1,0,0,0,0,0
0,9,2,-0.076938288,0.034705013,-0.027003782,0.02404855,-0.068918572
0,9,3,0,0,0,0,0
0,9,4,-0.671187493,0.017057335,-0.197337954,-0.028600819,-0.663455463
0,9,5,0,0,0,0,0
0,9,6,-0.006919557,-0.095227241,0.072321656,-0.247649238,-0.019510896
0,9,7,0,0,0,0,0
0,9,8,-0.044576472,-0.018993367,0.027467671,-0.155356756,-0.050672446
0,9,9,0,0,0,0,0
0,9,10,0.036852696,0.03784874,-0.007451708,0.07157861,0.0355657
0,9,11,0,0,0,0,0
0,9,12,-0.003045342,-0.020944455,0.014151278,-0.057111169,-0.006517646
0,9,13,0,0,0,0,0
0,9,14,-0.015036918,-0.048943506,0.021620732,-0.082455993,-0.021524444
0,9,15,0,0,0,0,0
0,9,16,0.043725873,0.090437731,-0.03821095,0.169474883,0.047245431
0,9,17,0,0,0,0,0
0,9,18,-0.003220419,0.00732613,0.013068302,-0.045550983,-0.016951695
0,9,19,0,0,0,0,0
0,9,20,-0.036935687,-0.004337216,0.008180306,-0.06108554,-0.049675826
0,9,21,0,0,0,0,0
0,9,22,0.073172718,-0.042252262,0.020721853,0.00220668,0.063329892
0,9,23,0,0,0,0,0
0,9,24,0.023187624,0.016031024,0.007574034,-0.004718708,0.014326577
0,9,25,0,0,0,0,0
0,9,26,-0.083474283,0.01975259,0.010792844,-0.117445166,-0.093931133
0,9,27,0,0,0,0,0
0,9,28,0.003756084,-0.038689735,-0.005532072,0.020570979,0.008472087
0,9,29,0,0,0,0,0
0,9,30,0.016006978,-0.018837845,0.012313575,-0.028578007,0.006402113
0,9,31,0,0,0,0,0
0,9,32,-0.254926648,0.024138473,-0.060239823,-0.050193829,-0.25556671
0,9,33,0,0,0,0,0
0,9,34,-0.049754897,0.033765141,-0.005451729,-0.030888511,-0.056350182
0,9,35,0,0,0,0,0
0,9,36,-0.108302635,0.029084759,-0.017924953,-0.044326199,-0.116122751
0,9,37,0,0,0,0,0
0,9,38,0.000381137,0.016785185,0.019784065,-0.069587342,-0.003637302
0,9,39,0,0,0,0,0
0,9,40,-0.02368394,0.011805431,-0.010269824,0.004649591,-0.023037985
0,9,41,0,0,0,0,0
0,9,42,-0.021806619,-0.028568457,0.006246052,-0.027291982,-0.030808766
0,9,43,0,0,0,0,0
0,9,44,-0.012459791,-0.00060759,-0.001002485,-0.049554961,-0.049779269
0,9,45,0,0,0,0,0
0,9,46,-0.240304086,0.01871265,-0.016344511,-0.124343475,-0.210366779
0,9,47,0,0,0,0,0
0,10,0,0.467732501,0.054738893,0.087998205,0.129325586,0.367805091
0,10,1,-0.039476903,-0.012344276,0.012977215,-0.089430911,-0.054902549
0,10,2,-0.205494098,0.034444826,-0.032383743,-0.089887713,-0.193248215
0,10,3,-0.123323238,0.038346335,-0.027699822,-0.031681845,-0.117899264
0,10,4,0.013240563,0.010847331,0.021307651,-0.063786675,-0.009308573
0,10,5,0.035792963,0.024234137,0.010293123,-0.00429465,0.02619538
0,10,6,-0.044294445,-0.042481475,0.006734461,-0.077467656,-0.060082009
0,10,7,-0.076248988,-0.016066121,0.003802644,-0.103741027,-0.088900247
0,10,8,-0.023722339,-0.010454696,0.033165104,-0.084661097,-0.03509956
0,10,9,0.004838561,-0.020803446,0.012727791,-0.031598332,-0.004138613
0,10,10,0.027045776,0.036412679,-0.007822125,0.061823434,0.017353188
0,10,11,0.026369895,0.02214521,-0.010799655,0.064052245,0.021034593
0,10,12,-0.016262919,0.005599934,-0.001393621,-0.016230971,-0.026176554
0,10,13,-0.022609945,0.013692578,0.003547683,-0.040576602,-0.027507985
0,10,14,0.03651836,-0.021259464,0.0208599,-0.028424658,0.015366322
0,10,15,0.028583336,0.01314382,0.019426692,-0.034299139,0.003539941
0,10,16,0.023854139,0.003526294,0.032586011,-0.088119267,0.016316147
0,10,17,-0.021240236,0.045393022,0.013834336,-0.074064369,-0.036553079
0,10,18,0.028476599,0.016412399,-0.006535266,0.047262191,0.027739415
0,10,19,-0.025686689,-0.004292391,-0.004416691,-0.0107546,-0.018732956
0,10,20,-0.036431235,0.021012936,0.006654518,-0.062142098,-0.047687643
0,10,21,-0.007618299,0.017569297,0.012762274,-0.059867484,-0.028033901
0,10,22,0.050125532,-0.001166586,0.014929349,0.025730548,0.04269766
0,10,23,0.067253819,-0.035576718,0.023933628,-0.014309877,0.055340571
0,10,24,-0.424791767,-0.005924613,-0.126319125,-0.019054378,-0.433133805
0,10,25,-0.714027653,0.062574612,-0.219653719,-0.022725639,-0.686398556
0,10,26,-0.080046531,-0.033184449,-0.002033071,-0.077910706,-0.079765431
0,10,27,-0.027137503,-0.009583769,-0.016540984,0.02131969,-0.023515677
0,10,28,0.019662931,-0.020205861,-0.007386942,0.0395072,0.021338848
0,10,29,-0.006796001,-0.036708231,0.016512628,-0.065877985,-0.008575585
0,10,30,0.041073616,0.003333091,0.011636361,-0.002189109,0.02997797
0,10,31,-0.004891382,0.003056217,0.02566605,-0.092793335,-0.021291593
0,10,32,-0.055800543,0.048497629,-0.017078166,-0.004363057,-0.065133859
0,10,33,-0.015676844,0.021095249,-0.003737671,-0.010403529,-0.027294771
0,10,34,-0.048113751,0.010912462,-0.000329322,-0.036364716,-0.072952347
0,10,35,-0.013813999,-0.003138045,0.001398208,-0.022456132,-0.034273694
0,10,36,-0.557975974,0.02093213,-0.161713788,-0.019667238,-0.538810802
0,10,37,-0.632208398,0.055127662,-0.144456745,-0.149452939,-0.623708624
0,10,38,0.046031831,0.01969059,0.01017781,0.007233815,0.042706041
0,10,39,-0.052201103,0.022152339,0.000191725,-0.058078421,-0.056575014
0,10,40,-0.063394399,0.031584753,0.021100188,-0.147865414,-0.080103512
0,10,41,0.040309764,0.008570754,0.017788186,-0.029796909,0.02709903
0,10,42,-0.077706267,-0.00444715,0.006237031,-0.089200412,-0.084395449
0,10,43,-0.020006904,-0.004730245,0.004599499,-0.037474382,-0.026031492
0,10,44,-0.125709759,0.000532026,-0.063689544,0.033265518,-0.14234621
0,10,45,-0.194614922,-0.019816257,-0.068450722,0.055610889,-0.216609504
0,10,46,-0.163183118,0.031308997,-0.017533362,-0.07915192,-0.147801087
0,10,47,-0.133023605,0.040515427,-0.009937303,-0.097622833,-0.152670099
0,11,0,0.481588172,0.068425696,0.110191615,0.059510024,0.390895665
0,11,1,0,0,0,0,0
0,11,2,-0.1430588,0.020668642,-0.033820451,-0.014213074,-0.126843815
0,11,3,0,0,0,0,0
0,11,4,0.08509929,0.019552756,-0.001878893,0.089073697,0.072294411
0,11,5,0,0,0,0,0
0,11,6,-0.053661664,-0.008298791,-0.01946558,0.009994717,-0.05743761
0,11,7,0,0,0,0,0
0,11,8,0.016582966,0.009905431,0.006904113,-0.004948444,0.008497234
0,11,9,0,0,0,0,0
0,11,10,0.006890154,0.011101029,-0.002912494,0.014787812,0.00663702
0,11,11,0,0,0,0,0
0,11,12,-0.086744849,-0.011045082,0.008525349,-0.115602901,-0.088959649
0,11,13,0,0,0,0,0
0,11,14,0.036688188,-0.024376278,0.021316198,-0.035822625,0.01974588
0,11,15,0,0,0,0,0
0,11,16,-0.002087036,0.025314809,0.000708195,-0.003979764,-0.001958868
0,11,17,0,0,0,0,0
0,11,18,0.055772743,-0.030483924,0.000153365,0.055806062,0.053608394
0,11,19,0,0,0,0,0
0,11,20,0.038427203,-0.005607432,0.011139674,0.001088863,0.031394001
0,11,21,0,0,0,0,0
0,11,22,-0.046883236,0.026225175,0.002297714,-0.055348223,-0.048818355
0,11,23,0,0,0,0,0
0,11,24,-0.439389908,0.012592636,-0.119630341,-0.048131399,-0.447259355
0,11,25,0,0,0,0,0
0,11,26,-0.067623268,0.021896349,-0.025274353,0.01836887,-0.065485166
0,11,27,0,0,0,0,0
0,11,28,0.033081722,-0.025100105,0.002665814,0.024292398,0.025173622
0,11,29,0,0,0,0,0
0,11,30,-0.029988832,-0.011353677,0.013268864,-0.07754153,-0.0364261
0,11,31,0,0,0,0,0
0,11,32,0.054043854,0.020735177,0.006887644,0.031187357,0.040864727
0,11,33,0,0,0,0,0
0,11,34,-0.081872246,0.014424883,-0.033680704,0.033984549,-0.086582033
0,11,35,0,0,0,0,0
0,11,36,-0.589411162,-0.004720016,-0.160039073,-0.047433207,-0.561149377
0,11,37,0,0,0,0,0
0,11,38,-0.057854472,0.02831268,0.007312734,-0.084324009,-0.061874627
0,11,39,0,0,0,0,0
0,11,40,-0.044543057,0.01392251,0.02148185,-0.126044686,-0.057038927
0,11,41,0,0,0,0,0
0,11,42,-0.036674231,-0.001513124,0.009468557,-0.059342279,-0.049444463
0,11,43,0,0,0,0,0
0,11,44,-0.151765738,-0.02791245,-0.065366462,0.060934738,-0.179638257
0,11,45,0,0,0,0,0
0,11,46,-0.170473941,0.033544173,-0.022980565,-0.051158626,-0.147502813
0,11,47,0,0,0,0,0
0,12,0,0.165541676,0.017968466,0.023710486,0.077173451,0.08814261
0,12,1,-0.266367062,0.028247007,-0.08814316,0.054179235,-0.261778506
0,12,2,-0.062107026,0.00992975,0.003836117,-0.064970425,-0.05313567
0,12,3,-0.022871025,0.015240905,0.006239689,-0.043109878,-0.019769456
0,12,4,0.020552062,-0.007721175,0.002973337,0.009965637,0.008308035
0,12,5,0.055506573,-0.013314142,0.02379426,-0.023746379,0.039446558
0,12,6,0.020140213,0.008784761,-0.014418552,0.068485768,0.017304722
0,12,7,-0.007541706,0.008524926,-0.008073404,0.020728137,-0.008010903
0,12,8,-0.028658735,0.012183107,-0.001180921,0.003468514,-0.024171569
0,12,9,0.013715883,-0.002091718,-0.018017759,0.074061579,0.019146236
0,12,10,0.014698312,0.03946109,-0.011041381,0.097176043,0.017276021
0,12,11,-0.030787858,0.02754576,0.0026244,-0.040937009,-0.033717897
0,12,12,-0.051596579,-0.002240629,-0.006603158,-0.017861648,-0.048857613
0,12,13,0.015633598,-0.002545781,-0.006238115,0.036950722,0.014742255
0,12,14,-0.015178518,-0.009377729,-0.008651953,0.003823672,-0.013002364
0,12,15,-0.062685316,0.004167217,-0.010457105,-0.026985048,-0.060825965
0,12,16,-0.054053445,0.044992426,-0.01829519,0.007704803,-0.050450836
0,12,17,-0.016624938,-0.001246125,-0.020052742,0.053419808,-0.013670394
0,12,18,-0.07940121,0.002779391,-0.02696382,0.012536681,-0.073267723
0,12,19,-0.017275567,0.001144191,-0.017028442,0.039043857,-0.014475894
0,12,20,0.035513974,0.018020026,-0.000726388,-0.021670672,0.007946648
0,12,21,0.070251422,0.024972323,0.011405369,0.032196409,0.044690476
0,12,22,0.033873411,-0.005496174,-0.006351729,0.056948784,0.037042032
0,12,23,-0.038185554,0.006576656,0.01160772,-0.077013354,-0.039292362
0,12,24,-0.097562063,0.016343466,0.022864497,-0.175667624,-0.103860726
0,12,25,-0.027048596,0.018050054,-0.020513988,0.045393185,-0.027245075
0,12,26,0.03547145,0.00302857,-0.00439914,0.052713384,0.028816924
0,12,27,0.013252148,-0.011363211,0.00732449,-0.007537701,0.012363992
0,12,28,-0.068619977,-0.032594066,0.002946364,-0.073479711,-0.067102969
0,12,29,-0.082722415,-0.004421645,-0.013211049,-0.036626661,-0.080034429
0,12,30,-0.085454547,0.026713336,-0.010234777,-0.047131575,-0.094302309
0,12,31,-0.028766041,0.015197322,-0.012053727,0.014313475,-0.039466171
0,12,32,0.057517556,0.021883287,0.011361337,0.020986875,0.051462662
0,12,33,0.027288812,0.031248731,-0.006597758,0.053866503,0.02730005
0,12,34,0.006418617,-0.02462422,0.012884279,-0.016979382,0.00669599
0,12,35,-0.049098086,-0.0106007,0.007963633,-0.071262135,-0.045325505
0,12,36,-0.139056558,-0.005720893,-0.018559552,-0.069730835,-0.141892037
0,12,37,-0.136073362,0.073035137,-0.026005793,-0.043368032,-0.149468602
0,12,38,-0.036805622,0.015776441,-0.021102138,0.041020732,-0.035147576
0,12,39,-0.057314722,-0.008573215,-0.003981341,-0.03978619,-0.052107926
0,12,40,-0.025480067,0.001563195,-0.012113218,0.039944103,-0.020563936
0,12,41,0.014361434,-0.029045409,0.01610119,-0.038117769,0.011404031
0,12,42,-0.432914508,0.007677131,-0.107359496,-0.022094162,-0.409587029
0,12,43,-0.422252405,-0.004268489,-0.109355117,-0.032831697,-0.403858122
0,12,44,0.0326041,-0.042692896,-0.001983877,0.032307069,0.046125727
0,12,45,-0.017095182,-0.001351828,-0.003161782,0.002453174,0.008556718
0,12,46,-0.186781168,0.12094436,-0.020203394,-0.088117843,-0.145582457
0,12,47,-0.01398581,0.027056086,0.002554343,-0.02456308,-0.016909332
0,13,0,0.069528189,0.037544316,0.032009663,-0.051435826,-0.007380547
0,13,1,0,0,0,0,0
0,13,2,-0.100386086,0.01722392,-0.003860526,-0.07470257,-0.094441733
0,13,3,0,0,0,0,0
0,13,4,0.014514665,-0.002564341,-0.00610353,0.030429345,0.011094321
0,13,5,0,0,0,0,0
0,13,6,-0.007006667,-0.031053599,0.014662688,-0.057042449,-0.008083175
0,13,7,0,0,0,0,0
0,13,8,-0.016514324,0.009702262,-0.014775578,0.033499601,-0.014974038
0,13,9,0,0,0,0,0
0,13,10,0.011110302,0.021369718,-0.002927883,0.018692754,0.00254193
0,13,11,0,0,0,0,0
0,13,12,-0.009617939,-0.017833476,0.013741482,-0.053554098,-0.009687722
0,13,13,0,0,0,0,0
0,13,14,-0.092928834,-0.02211397,-0.007907966,-0.065345289,-0.083316637
0,13,15,0,0,0,0,0
0,13,16,-0.033161799,0.025628587,0.001565408,-0.040018443,-0.033944563
0,13,17,0,0,0,0,0
0,13,18,-0.020784422,0.009215713,-0.022409396,0.057622904,-0.016784919
0,13,19,0,0,0,0,0
0,13,20,0.004502411,-0.028183915,0.010561866,-0.036839304,-0.022028276
0,13,21,0,0,0,0,0
0,13,22,0.003675579,0.005478507,0.002697055,0.000153339,0.002573021
0,13,23,0,0,0,0,0
0,13,24,-0.041296814,0.070633163,-0.018374024,0.02118286,-0.042240989
0,13,25,0,0,0,0,0
0,13,26,0.064224085,-0.00381696,0.005191649,0.042986269,0.054725505
0,13,27,0,0,0,0,0
0,13,28,-0.070725896,-0.019690379,-0.007249698,-0.044215015,-0.066656427
0,13,29,0,0,0,0,0
0,13,30,-0.053001766,0.033766273,-0.024450202,0.031589491,-0.044629401
0,13,31,0,0,0,0,0
0,13,32,0.019173808,0.02509551,0.015698675,-0.041066274,0.016435413
0,13,33,0,0,0,0,0
0,13,34,0.02971721,-0.002267492,-0.005507669,0.054772379,0.029648094
0,13,35,0,0,0,0,0
0,13,36,-0.097302331,0.058257138,-0.089439846,0.209551137,-0.096999086
0,13,37,0,0,0,0,0
0,13,38,-0.045561968,0.000708761,0.020090658,-0.116672193,-0.050415589
0,13,39,0,0,0,0,0
0,13,40,0.031470255,-0.070202383,0.032117008,-0.086817357,0.030870983
0,13,41,0,0,0,0,0
0,13,42,-0.451760875,0.01056785,-0.103112373,-0.080468871,-0.437033367
0,13,43,0,0,0,0,0
0,13,44,0.013979556,-0.040599133,-0.013503849,0.047909135,0.036292088
0,13,45,0,0,0,0,0
0,13,46,-0.137109713,-0.001737956,0.013852884,-0.157170544,-0.096474613
0,13,47,0,0,0,0,0
0,14,0,0.483892761,-0.00037627,0.124098729,0.00817415,0.40224636
0,14,1,-0.031434734,-0.005653701,-0.005772697,-0.011061141,-0.033990714
0,14,2,-0.056146965,0.022578092,-0.012723142,-0.001080076,-0.059953822
0,14,3,-0.04373824,0.002415474,0.003145484,-0.056057841,-0.052036151
0,14,4,-0.109228213,0.015672995,-0.03757414,0.012296655,-0.114918064
0,14,5,-0.099765665,0.003511004,-0.014768302,-0.049625508,-0.101920235
0,14,6,-0.016621593,-0.008944446,0.012640196,-0.059002002,-0.018432044
0,14,7,-0.011475426,-0.000896385,0.001359777,-0.012439977,-0.014141888
0,14,8,-0.075654962,0.037563897,-0.022546948,0.021936324,-0.079882595
0,14,9,-0.080021119,0.000383941,-0.035950886,0.049650327,-0.075543936
0,14,10,-0.01825409,-0.01059469,0.008353473,0.000257266,-0.025988046
0,14,11,-0.009189584,-0.002935378,0.009484344,-0.04380871,-0.010440194
0,14,12,-0.24852562,-0.031597226,-0.021737737,-0.172585345,-0.253064412
0,14,13,-0.206707748,-0.045490002,-0.004830866,-0.189713732,-0.209966997
0,14,14,0.011251105,6.32E-05,-0.009634983,0.043236058,0.014773296
0,14,15,0.003862556,-0.011904827,0.012772957,-0.043262211,-0.005142271
0,14,16,-0.00852606,0.022303162,-0.003498903,0.002077406,-0.006472491
0,14,17,-0.085689853,0.025748663,0.019060342,-0.152337061,-0.093498006
0,14,18,0.038746158,-0.022199123,0.017228732,-0.024084562,0.040931281
0,14,19,0.026126619,-0.027187021,0.001377466,0.019516814,0.034794624
0,14,20,0.047686402,-0.031765996,0.014061591,-0.002651107,0.039328488
0,14,21,0.056801993,-0.023383454,0.006051891,0.040299014,0.048780676
0,14,22,-0.121552741,0.030583642,-0.021688589,-0.038108305,-0.120313017
0,14,23,-0.070518358,0.004468947,0.000190592,-0.075110812,-0.067928168
0,14,24,-0.000252748,0.038428857,-0.026588917,0.090053435,0.005690705
0,14,25,0.022113759,-0.032445243,0.024816554,-0.060047186,0.019437522
0,14,26,0.080415496,-0.008528586,0.016488542,-0.026899924,0.064765446
0,14,27,-0.001011101,0.018532102,0.00379707,-0.015844854,-0.009690675
0,14,28,-0.011082211,-0.026867883,-0.010564827,0.024113114,-0.007421937
0,14,29,-0.02231405,-0.014982065,-0.002717948,-0.013959475,-0.023838706
0,14,30,-0.048159399,0.029323645,-0.005962584,-0.027309609,-0.047269716
0,14,31,-0.008506708,-0.015799517,0.005852851,-0.028398852,-0.00910684
0,14,32,-0.016962299,0.023391099,-0.001177807,-0.038217778,-0.016533955
0,14,33,-0.099409049,0.050165179,-0.036786198,0.031238728,-0.101528461
0,14,34,-0.19117649,0.035488342,-0.039276512,-0.051206666,-0.18697129
0,14,35,-0.189637301,0.055521173,-0.031018788,-0.088706229,-0.187738494
0,14,36,-0.071573858,0.003642209,-0.011968322,-0.032156497,-0.067660986
0,14,37,-0.066681163,0.018002593,-0.005750479,-0.04271324,-0.073632805
0,14,38,-0.01690766,0.026143456,-0.002789094,-0.001532052,-0.033277312
0,14,39,-0.025362602,0.033858546,-0.014402811,0.023046223,-0.042957784
0,14,40,-0.020014793,-0.02791954,0.013887377,-0.071281121,-0.020417152
0,14,41,-0.033940307,-0.026147612,0.01185379,-0.07659855,-0.033357864
0,14,42,-0.012358587,-0.033825784,0.022492335,-0.088018089,-0.020405487
0,14,43,-0.003720026,0.010327836,-0.005847379,0.015617949,0.002511351
0,14,44,0.027546919,-0.009574852,-0.016828383,0.069651538,0.04617442
0,14,45,-0.013723657,-0.001603254,-0.014356677,0.034035939,0.011140614
0,14,46,-0.1195789,0.008422119,-0.015615445,0.004041848,-0.101007506
0,14,47,-0.017299074,0.046096896,-0.006205982,0.009245499,-0.008111295
0,15,0,0.488393207,0.024901458,0.123667587,0.014392821,0.419908374
0,15,1,0,0,0,0,0
0,15,2,0.004767895,0.006869662,0.00516335,-0.002452461,0.000915555
0,15,3,0,0,0,0,0
0,15,4,-0.09218161,0.015801611,-0.030663332,0.008565732,-0.092850402
0,15,5,0,0,0,0,0
0,15,6,-0.02611141,-0.044106959,0.012105908,-0.067819795,-0.025615642
0,15,7,0,0,0,0,0
0,15,8,-0.05414881,0.0060827,-0.024786221,0.02981558,-0.041331952
0,15,9,0,0,0,0,0
0,15,10,0.020206041,0.014222729,-0.011271258,0.064325144,0.021324878
0,15,11,0,0,0,0,0
0,15,12,-0.161373343,-0.037573718,-0.029062425,-0.062995496,-0.163141456
0,15,13,0,0,0,0,0
0,15,14,0.016431705,-0.012043189,-0.02059849,0.08810832,0.023511358
0,15,15,0,0,0,0,0
0,15,16,-0.093274004,0.016879396,0.021487214,-0.167488724,-0.096422134
0,15,17,0,0,0,0,0
0,15,18,0.023178623,-0.007550018,0.005020202,0.004619321,0.0214168
0,15,19,0,0,0,0,0
0,15,20,0.073387693,-0.029010252,0.013106262,0.028248852,0.062099788
0,15,21,0,0,0,0,0
0,15,22,-0.063213512,0.02778292,-0.008048543,-0.036476913,-0.06324958
0,15,23,0,0,0,0,0
0,15,24,0.034067332,-0.024884397,0.020265238,-0.034299316,0.03277347
0,15,25,0,0,0,0,0
0,15,26,0.10726705,-0.057842814,0.026498272,0.021866573,0.089472128
0,15,27,0,0,0,0,0
0,15,28,-0.026124443,-0.024921146,-0.017629376,0.031560097,-0.019470726
0,15,29,0,0,0,0,0
0,15,30,-0.003818892,-0.003569679,0.000319211,-0.003080563,-0.006223136
0,15,31,0,0,0,0,0
0,15,32,-0.057231369,0.011038805,-0.003462177,-0.04762788,-0.05596673
0,15,33,0,0,0,0,0
0,15,34,-0.279457068,0.094366173,-0.062009435,-0.063341909,-0.270958644
0,15,35,0,0,0,0,0
0,15,36,-0.038152654,0.02707356,-0.017352012,0.025310007,-0.030711496
0,15,37,0,0,0,0,0
0,15,38,-0.049341048,0.004489005,0.000568924,-0.04992325,-0.065483991
0,15,39,0,0,0,0,0
0,15,40,-0.029191936,0.00320708,0.003177208,-0.04243549,-0.03846442
0,15,41,0,0,0,0,0
0,15,42,0.009719102,-0.000280844,0.004152593,0.001912865,0.011551126
0,15,43,0,0,0,0,0
0,15,44,0.041589642,-0.007892541,-0.019671948,0.089910517,0.029869242
0,15,45,0,0,0,0,0
0,15,46,-0.106056055,0.016172544,-0.016212427,-0.010948097,-0.085781932
0,15,47,0,0,0,0,0
0,16,0,0.486221224,0.008721049,0.116432195,0.040985621,0.383816806
0,16,1,-0.009889831,-0.023407679,0.005712835,-0.030730423,-0.043861547
0,16,2,-0.007983338,0.017209115,0.006927343,-0.021862793,-0.007742368
0,16,3,-0.008472794,0.008127763,0.00056065,-0.010248759,-0.013809385
0,16,4,-0.103873747,0.009263454,-0.016029263,-0.055058202,-0.10112718
0,16,5,-0.078135407,0.011302463,-0.008818714,-0.047442813,-0.071204736
0,16,6,-0.000624129,-0.007905001,-0.00368301,0.013399027,-0.049947072
0,16,7,-0.044976277,-0.034732969,0.016048391,-0.106876264,-0.101506461
0,16,8,0.050771026,0.000921075,-0.003803763,0.052617618,0.048838189
0,16,9,0.036277436,-0.009392251,-0.007543753,0.05536878,0.03732629
0,16,10,0.001582879,0.029153771,-0.025000458,0.088262563,0.003158166
0,16,11,0.008547033,0.006164613,0.00218576,0.002274999,0.00921145
0,16,12,0.034381544,-0.037347121,0.008661948,0.004930559,0.016768484
0,16,13,-0.000845046,0.04668355,-0.001625347,0.004326176,-0.018556178
0,16,14,0.033472163,0.00164347,-0.006180387,0.078010228,0.037360233
0,16,15,0.037282594,0.003010915,0.001704848,0.033230965,0.037225986
0,16,16,-0.123380792,0.040179394,0.015019672,-0.158293152,-0.133547685
0,16,17,-0.076235809,0.051857141,0.019913041,-0.146796719,-0.093534759
0,16,18,-0.034282085,0.020558121,-0.003241021,-0.024734185,-0.03178815
0,16,19,0.004154527,0.029421953,-0.018244065,0.072956247,0.010891743
0,16,20,0.080460933,0.011409268,-0.001221982,0.059245981,0.083425313
0,16,21,-0.011787585,-0.000188104,0.007634286,-0.037815981,-0.014513328
0,16,22,-0.014925664,-0.010490265,0.032699308,-0.083135851,-0.024381935
0,16,23,-0.005491993,0.004558918,7.81E-06,-0.001169036,-0.011597667
0,16,24,-0.016975949,-0.014947178,0.040451941,-0.090425349,-0.023393794
0,16,25,0.219323395,-0.031144574,0.026382289,0.125370029,0.216623908
0,16,26,0.187856906,-0.063497911,0.026708899,0.091439404,0.185943039
0,16,27,0.118727911,-0.05193286,0.023438098,0.037475494,0.117185652
0,16,28,0.154902138,-0.058858049,0.021095001,0.087462447,0.153061234
0,16,29,-0.079411498,0.031846832,-0.024527331,0.004499081,-0.070574312
0,16,30,-0.015170846,0.000111987,0.001024791,-0.018950201,-0.014092427
0,16,31,0.028734684,-0.025026725,0.029749707,-0.075642993,0.020578815
0,16,32,0.02212163,0.029901356,0.02957204,-0.074638662,-0.031475253
0,16,33,-0.097719045,0.009219197,0.036328005,-0.224532257,-0.146793392
0,16,34,0.008113456,-0.024877142,0.017536524,-0.052294736,0.003365251
0,16,35,0.11479447,-0.063718313,0.031448399,0.018933234,0.114047586
0,16,36,-0.060801645,-0.003241373,-0.025353457,0.038239371,-0.057941395
0,16,37,-0.030085556,-0.015214299,0.004241283,-0.044365297,-0.039530573
0,16,38,0.008776837,0.006037037,0.002423256,-0.006205374,0.010887849
0,16,39,0.047189077,-0.020435381,0.012354583,0.005086056,0.039148773
0,16,40,-0.037196182,-0.003773937,0.015656885,-0.095266279,-0.051273288
0,16,41,-0.049538022,-0.000336538,-0.013836643,7.83E-05,-0.055822511
0,16,42,-0.03693301,-0.002721766,0.014249231,-0.087479853,-0.046088609
0,16,43,0.112360269,0.017411404,0.017998977,0.045358934,0.074520608
0,16,44,-0.046060724,-0.02057139,-0.013901699,-0.006847414,-0.054845348
0,16,45,-0.064025958,-0.019955423,-0.00572829,-0.037205132,-0.065598774
0,16,46,-0.590851323,0.018495564,-0.140642803,-0.003235169,-0.618200439
0,16,47,-0.561017194,-0.021155451,-0.129597872,-0.037046508,-0.605576586
0,17,0,0.506228957,0.061360752,0.092558748,0.150224714,0.40813536
0,17,1,0,0,0,0,0
0,17,2,-0.039658202,0.007319314,-0.004145669,-0.012150347,-0.033921131
0,17,3,0,0,0,0,0
0,17,4,-0.047114506,0.008124584,-0.008165873,-0.02733933,-0.045972076
0,17,5,0,0,0,0,0
0,17,6,0.002296039,-0.018008134,0.002452872,-0.001326507,-0.04434085
0,17,7,0,0,0,0,0
0,17,8,0.01649304,0.021691673,0.00440619,-0.003720098,0.010866513
0,17,9,0,0,0,0,0
0,17,10,0.020579537,0.011638679,0.005671992,0.004196749,0.01468229
0,17,11,0,0,0,0,0
0,17,12,-0.008029646,-0.007926317,0.00049211,-0.012897741,-0.02896557
0,17,13,0,0,0,0,0
0,17,14,0.004246014,-0.026518579,-0.001763728,0.013605798,0.004977051
0,17,15,0,0,0,0,0
0,17,16,-0.084851716,0.033397929,0.011689303,-0.124208185,-0.099571144
0,17,17,0,0,0,0,0
0,17,18,-0.05101199,0.012485568,-0.028171432,0.043189676,-0.054733895
0,17,19,0,0,0,0,0
0,17,20,0.034569292,0.005109035,-0.004294211,0.046479486,0.035282625
0,17,21,0,0,0,0,0
0,17,22,0.019235535,0.005366591,0.012775944,-0.022042136,0.011247724
0,17,23,0,0,0,0,0
0,17,24,-0.003810682,0.011672251,0.019427411,-0.069771253,-0.009897477
0,17,25,0,0,0,0,0
0,17,26,0.035194241,-0.035390947,0.032935828,-0.076574831,0.031437872
0,17,27,0,0,0,0,0
0,17,28,-0.01711582,0.01694418,0.002692075,-0.021569296,-0.017262474
0,17,29,0,0,0,0,0
0,17,30,-0.056277681,0.005966119,0.011843669,-0.098996828,-0.05676317
0,17,31,0,0,0,0,0
0,17,32,-0.091114185,0.025791529,0.034806556,-0.206494312,-0.132781649
0,17,33,0,0,0,0,0
0,17,34,0.095855414,-0.08639842,0.032736677,-0.029661951,0.092733103
0,17,35,0,0,0,0,0
0,17,36,0.001199136,-0.080292949,0.020416426,-0.063738944,0.002461625
0,17,37,0,0,0,0,0
0,17,38,0.005668626,0.015596652,-0.008447923,0.037871679,0.009129953
0,17,39,0,0,0,0,0
0,17,40,-0.025470511,-0.005467118,0.009169441,-0.059573029,-0.038770521
0,17,41,0,0,0,0,0
0,17,42,-0.109418432,0.056732139,-0.001992349,-0.098323143,-0.125947523
0,17,43,0,0,0,0,0
0,17,44,-0.059521315,0.02174225,-0.033343709,0.051490428,-0.056287376
0,17,45,0,0,0,0,0
0,17,46,-0.625562603,0.025151602,-0.122171326,-0.111438869,-0.664572018
0,17,47,0,0,0,0,0
0,18,0,0.503304738,0.079671749,0.076039232,0.212374967,0.440937847
0,18,1,-0.05251626,0.018463069,-0.010156953,-0.014175659,-0.059844227
0,18,2,-0.041061762,0.020233455,0.000144462,-0.028017976,-0.03876588
0,18,3,-0.038172091,-0.001327385,0.005059528,-0.056878024,-0.039758967
0,18,4,-0.260427754,-0.003127544,-0.052275292,-0.085179502,-0.24939146
0,18,5,-0.228247279,0.004175601,-0.076266957,0.035661482,-0.208623515
0,18,6,-0.020956925,-0.008661532,0.003411227,-0.026093729,-0.024281231
0,18,7,0.004475422,0.013667104,0.005109203,-0.010463566,0.003673424
0,18,8,0.008409711,0.037131275,0.018209057,-0.045143058,0.004476822
0,18,9,-0.02641634,0.001700366,0.012727534,-0.067078922,-0.030354236
0,18,10,-0.020025796,-0.01087592,0.024689367,-0.099734237,-0.027612952
0,18,11,0.015037054,0.00337943,-0.003597985,0.019374433,0.016408064
0,18,12,-0.098366141,0.018113526,-0.0302975,0.007881031,-0.097529028
0,18,13,-0.060703295,0.012399315,-0.016188131,-0.001023672,-0.061224342
0,18,14,-0.09349497,-0.016440349,-0.003886781,-0.053544986,-0.093046648
0,18,15,-0.088824977,-0.018520938,0.026554396,-0.184217305,-0.089137664
0,18,16,-0.060774433,0.028084077,-0.003958257,-0.022846234,-0.055697527
0,18,17,-0.13973322,-0.00024679,-0.003329701,-0.126956567,-0.136353905
0,18,18,0.004632919,0.036297321,-0.061171973,0.208903703,0.003790396
0,18,19,-0.017928681,0.008623258,0.003416266,-0.037690798,-0.020131363
0,18,20,0.00685023,0.008502694,-0.005581909,0.018770222,0.004581932
0,18,21,-0.017681789,0.011311005,-0.009253297,0.011330791,-0.018837913
0,18,22,-0.015319142,-0.021096652,0.018539625,-0.076289992,-0.034387464
0,18,23,0.117063784,-0.007158242,0.009223678,0.083810776,0.104743438
0,18,24,-0.001691954,0.015002278,0.013940022,-0.049893415,-0.009400172
0,18,25,-0.024508406,-0.012155136,0.009396396,-0.055735776,-0.026906065
0,18,26,0.057997248,-0.06875221,0.052396756,-0.116232578,0.050068665
0,18,27,0.11897789,-0.066636592,0.043542672,-0.026052056,0.114279535
0,18,28,0.168350493,-0.054692201,0.026978103,0.00239712,0.159587677
0,18,29,0.022910237,-0.060606124,0.033233106,-0.093690712,0.016938582
0,18,30,0.004911126,0.008394412,0.006246185,-0.036436712,0.00132618
0,18,31,-0.100196386,0.000540435,-0.008137262,-0.074731852,-0.098832485
0,18,32,-0.066330696,0.008447877,0.012516797,-0.110275429,-0.075343411
0,18,33,-0.024360183,-0.021736458,0.019079132,-0.095775934,-0.034874236
0,18,34,-0.047073073,-0.069838994,0.037643039,-0.124609805,-0.052476533
0,18,35,0.097876848,-0.056227429,0.032107265,-0.01250743,0.097556774
0,18,36,0.008517948,0.004873852,0.003375429,-0.012407944,0.012095443
0,18,37,-0.272692006,0.15396004,-0.093762074,0.050216677,-0.243043845
0,18,38,-0.034171104,0.015444232,-0.016343209,0.007748006,-0.022863873
0,18,39,-0.042817251,0.001316399,-0.002763598,-0.034795419,-0.035743267
0,18,40,-0.004634698,0.051092406,0.004738504,-0.025461698,-0.020692972
0,18,41,0.11197125,0.007739495,-0.00522608,0.130442889,0.098966759
0,18,42,0.015971405,0.021491223,-0.026296506,0.145916291,0.013312799
0,18,43,0.002952207,0.019697651,-0.014232119,0.059240395,0.000635721
0,18,44,-0.010976878,0.005855068,-0.01972345,0.050042639,-0.0168357
0,18,45,-0.018333649,0.021244483,-0.003505915,-0.006284808,-0.019225491
0,18,46,-0.737269469,0.032919771,-0.170194215,-0.037051914,-0.740178623
0,18,47,-0.873644182,0.038469019,-0.217402942,-0.001773649,-0.867191956
0,19,0,0.474899792,0.100080426,0.064263598,0.22568967,0.419357553
0,19,1,0,0,0,0,0
0,19,2,-0.038880938,0.002429748,0.010475546,-0.064187635,-0.040357996
0,19,3,0,0,0,0,0
0,19,4,-0.295282124,-0.003902702,-0.051388759,-0.122447541,-0.285863427
0,19,5,0,0,0,0,0
0,19,6,-0.003022105,-0.022137464,-0.007319276,0.023031365,-0.003072099
0,19,7,0,0,0,0,0
0,19,8,-0.027518318,0.005843421,0.011591237,-0.065934433,-0.025684989
0,19,9,0,0,0,0,0
0,19,10,0.050523348,-0.009881538,0.010046237,0.009101928,0.048355153
0,19,11,0,0,0,0,0
0,19,12,-0.061710413,-0.024043838,-0.00270892,-0.049342127,-0.063786321
0,19,13,0,0,0,0,0
0,19,14,-0.071126542,-0.023949908,0.01581235,-0.127579517,-0.068160394
0,19,15,0,0,0,0,0
0,19,16,-0.038636272,0.02881813,-0.001142872,-0.033530411,-0.031977358
0,19,17,0,0,0,0,0
0,19,18,0.016884548,-0.006182284,0.015984326,-0.039074728,0.011816426
0,19,19,0,0,0,0,0
0,19,20,0.019607826,-0.028881507,0.010104601,-0.013736765,0.016203557
0,19,21,0,0,0,0,0
0,19,22,-0.026149643,0.016372374,-0.006604059,-0.00589549,-0.035570844
0,19,23,0,0,0,0,0
0,19,24,-0.017910789,0.013316289,0.008026748,-0.04528472,-0.022105809
0,19,25,0,0,0,0,0
0,19,26,-0.00508557,-0.009788944,0.008403823,-0.033230339,-0.007155965
0,19,27,0,0,0,0,0
0,19,28,-0.06371518,-0.027053557,-0.006758399,-0.042355774,-0.058192143
0,19,29,0,0,0,0,0
0,19,30,0.004447039,-0.019766493,0.013502294,-0.041741351,-0.000516329
0,19,31,0,0,0,0,0
0,19,32,0.02181562,-0.003057379,0.001482565,0.014768212,0.017559963
0,19,33,0,0,0,0,0
0,19,34,-0.00524311,-0.009420064,0.0028026,-0.006779991,-0.005072266
0,19,35,0,0,0,0,0
0,19,36,-0.01210503,-0.018519368,0.011693785,-0.062893483,-0.010757204
0,19,37,0,0,0,0,0
0,19,38,-0.01552234,0.018368874,-0.02001028,0.060248146,-0.008476115
0,19,39,0,0,0,0,0
0,19,40,-0.078277632,0.060199817,0.004600255,-0.097378624,-0.093271313
0,19,41,0,0,0,0,0
0,19,42,0.009037603,0.025704852,-0.026040497,0.114781443,0.001825229
0,19,43,0,0,0,0,0
0,19,44,0.000871224,-0.004437493,-0.00541523,-7.88E-05,-0.003982329
0,19,45,0,0,0,0,0
0,19,46,-0.739517234,0.044771082,-0.167653738,-0.061441167,-0.736588878
0,19,47,0,0,0,0,0
0,20,0,0.526819387,0.11912164,0.058522566,0.300287591,0.45228967
0,20,1,-0.043596751,0.025452387,0.00777061,-0.074187868,-0.065543859
0,20,2,-0.06708819,0.029449006,-0.010834261,-0.009846507,-0.060541192
0,20,3,-0.060609101,-0.017669985,3.50E-05,-0.056964082,-0.056931657
0,20,4,-0.060111013,0.028794659,-0.01073255,-0.027029651,-0.107363843
0,20,5,-0.114470293,0.01429651,-0.011872787,-0.069580187,-0.142377239
0,20,6,-0.062900404,-0.01156385,0.004157947,-0.075256026,-0.066633307
0,20,7,-0.079039441,0.012157709,-0.005165594,-0.062085026,-0.078296391
0,20,8,-0.107270711,-0.004575289,-0.004068544,-0.083085794,-0.105231264
0,20,9,-0.130353502,0.01045357,-0.010817938,-0.09510639,-0.128635814
0,20,10,0.032679925,0.00393186,-0.007379532,0.052276346,0.029902643
0,20,11,-0.029582101,0.034122904,-0.02300587,0.057104631,-0.027834563
0,20,12,-0.042173197,0.003233259,-0.003395076,-0.027304565,-0.039992911
0,20,13,-0.013644823,-0.003436349,0.01561637,-0.072787408,-0.018802701
0,20,14,-0.170985781,-0.030043764,-0.015592331,-0.098049593,-0.157406965
0,20,15,-0.099362131,-0.01408781,-0.016397633,-0.041269393,-0.095247989
0,20,16,-0.030103607,0.00834089,0.024579716,-0.116840916,-0.033202128
0,20,17,0.000101154,0.019174987,0.001718078,-0.008169459,0.001677787
0,20,18,0.021762141,-0.014461981,0.012770158,-0.039902865,0.017035433
0,20,19,-0.002115565,-0.001406449,-0.002801817,0.008813916,-0.001701435
0,20,20,-0.017299031,-0.006421808,0.012186563,-0.088224153,-0.02269666
0,20,21,-0.01186866,-0.00442497,0.007415366,-0.036982016,-0.014123461
0,20,22,-0.012104965,-0.0207532,0.031165226,-0.122098784,-0.019226895
0,20,23,-0.002336369,-0.01324994,0.034115467,-0.120905307,-0.008076636
0,20,24,-0.575421578,0.062357479,-0.14247474,-0.106421653,-0.59285782
0,20,25,-0.509853179,0.083125392,-0.145781612,-0.029374882,-0.52744724
0,20,26,0.003477874,-0.045895296,0.020896031,-0.066740224,0.000462966
0,20,27,-0.015511529,0.03807914,-0.000268516,-0.008943462,-0.015519082
0,20,28,-0.072926789,0.044665534,-0.006414733,-0.050614864,-0.071000562
0,20,29,0.025379022,-0.046251452,0.030544123,-0.082056926,0.023678586
0,20,30,0.058158128,-0.021244322,0.019615006,-0.012741355,0.052923737
0,20,31,-0.103162853,0.006910839,0.002219878,-0.112410002,-0.101862944
0,20,32,-0.014002024,0.009670135,0.009309509,-0.061819052,-0.013486611
0,20,33,-0.164716001,0.091251844,-0.033235703,-0.04902865,-0.166613709
0,20,34,-0.139207566,0.029851073,0.016270736,-0.196360679,-0.148970745
0,20,35,-0.014349007,0.010869616,-0.00553579,-0.001931171,-0.020103909
0,20,36,-0.012428165,-0.006226449,-0.010072906,0.019931207,-0.012635922
0,20,37,-0.026318656,0.023987391,-0.030806278,0.086187246,-0.021708424
0,20,38,-0.096456401,0.01312091,-0.030535095,0.018642449,-0.085741212
0,20,39,-0.102518569,0.020515895,-0.027926747,0.000838036,-0.096173124
0,20,40,0.018109047,0.008120514,0.018050368,-0.050897028,0.011222245
0,20,41,-0.001492889,0.017565864,0.001102404,-0.00430315,-0.005224944
0,20,42,0.00833291,0.011115156,0.001264369,0.040772309,0.014658675
0,20,43,-0.030325686,-0.004417385,-0.013371708,0.013938395,-0.023085066
0,20,44,-0.003248291,-0.029025849,-0.004480841,-0.040094661,-0.00972412
0,20,45,0.043233115,0.017298953,-0.027829284,0.151198086,0.045501835
0,20,46,-0.106648669,0.034465399,-0.008736348,-0.057279482,-0.09007589
0,20,47,-0.03045048,0.008437,0.010204934,-0.071519147,-0.031380782
0,21,0,0.498282977,0.135878769,0.058256818,0.275437542,0.420102419
0,21,1,0,0,0,0,0
0,21,2,-0.078128609,0.018608665,-0.006549648,-0.038199375,-0.074412846
0,21,3,0,0,0,0,0
0,21,4,-0.114747818,0.018947988,-0.004294497,-0.111348132,-0.16632418
0,21,5,0,0,0,0,0
0,21,6,-0.059265771,-0.018136591,0.001057687,-0.057897498,-0.057926223
0,21,7,0,0,0,0,0
0,21,8,-0.14482338,0.041773158,-0.023393865,-0.06374031,-0.133876125
0,21,9,0,0,0,0,0
0,21,10,-0.014551239,-0.006763216,-0.015281845,0.038631081,-0.006728639
0,21,11,0,0,0,0,0
0,21,12,-0.023400191,-0.008239534,0.001760647,-0.031741863,-0.024294772
0,21,13,0,0,0,0,0
0,21,14,-0.150584551,-0.01240097,-0.01998061,-0.077922544,-0.143191067
0,21,15,0,0,0,0,0
0,21,16,-0.033130234,0.009387306,0.018034273,-0.097806325,-0.034714595
0,21,17,0,0,0,0,0
0,21,18,0.006255121,0.022155347,-0.001952694,0.015525037,0.00328143
0,21,19,0,0,0,0,0
0,21,20,-0.041749327,-0.011544315,-0.000846471,-0.042991047,-0.04403605
0,21,21,0,0,0,0,0
0,21,22,-0.045706563,-0.030772203,0.016486671,-0.100741243,-0.049910029
0,21,23,0,0,0,0,0
0,21,24,-0.573529429,0.06287807,-0.145065319,-0.09455015,-0.586573592
0,21,25,0,0,0,0,0
0,21,26,0.028039282,-0.022784988,0.020937253,-0.046069073,0.023234406
0,21,27,0,0,0,0,0
0,21,28,-0.004847927,-0.032993969,0.014361188,-0.056391375,-0.003336694
0,21,29,0,0,0,0,0
0,21,30,-0.01357021,0.010355512,0.008031661,-0.04406132,-0.014850791
0,21,31,0,0,0,0,0
0,21,32,0.01017017,0.023935032,-0.004960441,0.031092982,0.014195148
0,21,33,0,0,0,0,0
0,21,34,0.019423493,-0.002025955,-0.005123833,0.03737285,0.0139442
0,21,35,0,0,0,0,0
0,21,36,-0.053124579,-0.009679424,-0.002422363,-0.047311369,-0.052631903
0,21,37,0,0,0,0,0
0,21,38,-0.124222357,0.026291572,-0.046840514,0.049738173,-0.103740283
0,21,39,0,0,0,0,0
0,21,40,0.042128248,0.013333053,-0.006073513,0.060680614,0.043840967
0,21,41,0,0,0,0,0
0,21,42,-0.016038806,-0.008571963,-0.002777278,0.000874234,-0.017625511
0,21,43,0,0,0,0,0
0,21,44,0.013242486,-0.018989647,0.000391857,-0.008882514,0.008179359
0,21,45,0,0,0,0,0
0,21,46,-0.091111412,0.076599044,-0.042739332,0.111201454,-0.077369139
0,21,47,0,0,0,0,0
0,22,0,0.532773781,0.088426821,0.067026882,0.273693313,0.483207983
0,22,1,-0.016360758,0.012490662,-0.00176212,-0.008675662,-0.015624579
0,22,2,-0.042181177,0.022357208,-0.006135228,-0.00907169,-0.034749279
0,22,3,-0.000852222,0.038304209,-0.027555106,0.094397046,0.002191703
0,22,4,-0.193796473,0.081974313,-0.034243163,-0.099250645,-0.196289816
0,22,5,-0.121210249,0.06741148,-0.023897016,-0.03662512,-0.116177159
0,22,6,-0.061837695,0.010657077,-0.010342252,-0.032055158,-0.058795452
0,22,7,-0.027412794,0.005046825,0.001308618,-0.030554778,-0.028746951
0,22,8,-0.021781997,-0.007420527,0.044883098,-0.178157413,-0.032268853
0,22,9,0.010986315,-0.004485355,0.019422722,-0.058769699,0.001397667
0,22,10,-0.056267692,0.002787022,0.005175538,-0.062436066,-0.05460234
0,22,11,-0.031017047,0.019570005,-0.002531598,-0.018028041,-0.025906471
0,22,12,-0.361707762,0.022487939,-0.084298853,-0.054822366,-0.370532429
0,22,13,-0.346713655,0.004238858,-0.074001443,-0.088014391,-0.359366589
0,22,14,-0.185728456,0.01887572,-0.049091578,-0.010701093,-0.190994733
0,22,15,-0.189688517,0.01462897,-0.049048346,-0.021559559,-0.197016659
0,22,16,-0.137943033,-0.024410154,-0.012208247,-0.099246426,-0.143233434
0,22,17,-0.157438692,-0.007860221,-0.025510749,-0.066943649,-0.163747202
0,22,18,-0.15435902,-0.00187591,-0.028220446,-0.039244748,-0.161054864
0,22,19,-0.195789514,0.035342403,-0.040426439,-0.054878201,-0.200079492
0,22,20,-0.095359518,-0.000342923,-0.014132788,-0.049844854,-0.102609713
0,22,21,-0.09190691,0.030612882,0.005340011,-0.110483499,-0.103433119
0,22,22,-0.074805712,-0.012522797,0.020298739,-0.143791245,-0.074577703
0,22,23,-0.050900061,0.007676487,0.021570005,-0.119466951,-0.052684315
0,22,24,-0.133385573,0.069272327,-0.000631533,-0.131507437,-0.133538359
0,22,25,-0.118207386,0.024163886,-0.020825005,-0.047417192,-0.112473379
0,22,26,-0.079829932,0.003664644,0.004506239,-0.148036527,-0.089914759
0,22,27,-0.01754146,0.010671059,0.008959616,-0.04874318,-0.017913284
0,22,28,-0.119637407,-0.018648203,0.002210356,-0.152536552,-0.111980887
0,22,29,-0.166179671,0.022584906,-0.012584711,-0.120222653,-0.157753123
0,22,30,-0.083339096,0.032079252,-0.017171161,-0.036805099,-0.081702166
0,22,31,-0.052655799,0.035587735,0.002894989,-0.060602027,-0.055922222
0,22,32,-0.093900511,0.027632672,-0.008537525,-0.051487816,-0.092363935
0,22,33,-0.019878948,-0.019293051,0.01382431,-0.07215323,-0.018137885
0,22,34,-0.011237292,0.003077359,0.00774659,-0.086197096,-0.014469346
0,22,35,-0.083774614,0.000310057,0.002145051,-0.086405844,-0.084359514
0,22,36,-0.103717944,0.015757765,-0.004394306,-0.12865124,-0.100692181
0,22,37,-0.022730243,0.017607861,-0.017519005,0.038490188,-0.01450433
0,22,38,-0.007582488,0.002981052,-0.008625638,0.027762642,0.0020805
0,22,39,-0.137376471,0.049709379,-0.052215931,0.053302262,-0.115150323
0,22,40,-0.072371513,0.050300703,-0.033061135,0.047471994,-0.071945282
0,22,41,-0.096936923,0.057512562,-0.021788624,-0.018282043,-0.106915555
0,22,42,-0.020035502,0.004763055,-0.005280839,-0.001705298,-0.024593265
0,22,43,-0.01472044,-0.013044692,0.020007171,-0.091543327,-0.023830542
0,22,44,-0.045292707,0.003614874,-0.019679807,-0.007956423,-0.055315247
0,22,45,-0.017470726,0.032048235,-0.01734371,0.049890283,-0.018723401
0,22,46,-0.487797144,0.099608472,-0.087173016,-0.134713311,-0.533288248
0,22,47,-0.490971946,0.054735673,-0.108007194,-0.056918267,-0.534996507
0,23,0,0.554697796,0.077506581,0.059479779,0.325341332,0.496999817
0,23,1,0,0,0,0,0
0,23,2,-0.081745077,-0.009170451,0.01239089,-0.123988517,-0.082714562
0,23,3,0,0,0,0,0
0,23,4,-0.123764921,0.067362942,-0.028451275,-0.023583479,-0.123176032
0,23,5,0,0,0,0,0
0,23,6,-0.003509643,-0.003730868,0.003764336,-0.017047048,-0.002818574
0,23,7,0,0,0,0,0
0,23,8,-0.020806311,0.003766442,0.017841898,-0.080007278,-0.031079681
0,23,9,0,0,0,0,0
0,23,10,-0.001890548,0.001020703,-0.005908105,0.014720256,-0.002145516
0,23,11,0,0,0,0,0
0,23,12,-0.288388564,-0.011283684,-0.068940962,-0.047172534,-0.302327129
0,23,13,0,0,0,0,0
0,23,14,-0.138324235,0.021405239,-0.061403542,0.077280042,-0.142491549
0,23,15,0,0,0,0,0
0,23,16,-0.139343649,-0.023282752,-0.00612575,-0.121116112,-0.149421026
0,23,17,0,0,0,0,0
0,23,18,-0.163878799,-0.009288915,-0.028289558,-0.061111253,-0.175454589
0,23,19,0,0,0,0,0
0,23,20,-0.124603825,0.011194926,-0.020309652,-0.059264496,-0.123178119
0,23,21,0,0,0,0,0
0,23,22,-0.074088708,-0.008686917,0.015863359,-0.129959889,-0.078525117
0,23,23,0,0,0,0,0
0,23,24,-0.128027964,0.040251577,-0.018460894,-0.062483365,-0.122513269
0,23,25,0,0,0,0,0
0,23,26,-0.033588004,0.001414346,0.008773422,-0.06620138,-0.041750272
0,23,27,0,0,0,0,0
0,23,28,-0.109374879,-0.019489654,-0.00383268,-0.097276412,-0.09901089
0,23,29,0,0,0,0,0
0,23,30,-0.061333183,-0.000839622,0.014092096,-0.107129786,-0.065287232
0,23,31,0,0,0,0,0
0,23,32,0.073380787,-0.014670598,0.015545373,0.015640433,0.076304048
0,23,33,0,0,0,0,0
0,23,34,0.029334698,-0.014513699,0.001844314,0.027991244,0.031462788
0,23,35,0,0,0,0,0
0,23,36,-0.068254085,0.015379999,0.00011295,-0.073605168,-0.065021321
0,23,37,0,0,0,0,0
0,23,38,0.005637996,-0.022013732,0.020608035,-0.06682039,0.005720166
0,23,39,0,0,0,0,0
0,23,40,-0.013291026,0.008332841,0.009823498,-0.049837927,-0.020140279
0,23,41,0,0,0,0,0
0,23,42,-0.040339889,0.016045353,-0.009378872,-0.000279422,-0.043671301
0,23,43,0,0,0,0,0
0,23,44,-0.028684067,-0.012381334,0.002637474,-0.062319993,-0.037947541
0,23,45,0,0,0,0,0
0,23,46,-0.517288345,0.113498392,-0.1182058,-0.009395532,-0.51552637
0,23,47,0,0,0,0,0
0,24,0,0.608391205,0.054487642,0.076532347,0.311670252,0.548314651
0,24,1,0.039777523,0.00760424,-0.01303296,0.086000072,0.046138606
0,24,2,-0.04746829,-0.000861434,-0.012217716,0.00538007,-0.0338566
0,24,3,-0.059191124,0.036223667,-0.023488619,0.015696856,-0.051719295
0,24,4,-0.007463382,0.023154892,0.008021875,-0.078817351,-0.036083778
0,24,5,-0.047675611,0.10468381,-0.003432532,-0.04272781,-0.074323458
0,24,6,-0.080089512,0.023455281,-0.006383232,-0.063565651,-0.093210598
0,24,7,0.017900214,-0.025975293,0.015706702,-0.041761537,0.008494909
0,24,8,0.033287114,-0.006747819,0.021077833,-0.040956747,0.026883103
0,24,9,0.001639968,-0.016250084,0.017377352,-0.059610497,-0.009579665
0,24,10,0.041943562,0.00415334,-0.020363478,0.109250826,0.041933831
0,24,11,-0.057630105,0.022891573,-0.013998549,-0.014032194,-0.05739587
0,24,12,-0.025159935,0.012958206,-0.001148729,-0.023923493,-0.028769966
0,24,13,0.033436601,0.006588727,0.001520527,0.027251775,0.027213342
0,24,14,-0.008215566,-0.030093194,0.002711673,-0.004834499,-0.006603344
0,24,15,-0.023742996,-0.002992775,-0.000697727,-0.025336575,-0.027126482
0,24,16,-0.004151359,-0.002177024,0.009816621,-0.041941612,-0.003878328
0,24,17,-0.013660243,-0.016825744,0.011470886,-0.057559906,-0.01961947
0,24,18,0.015089035,-0.009077385,0.001758936,0.0071518,0.010248062
0,24,19,0.010396128,-0.001914436,0.000355739,0.003877704,0.009370206
0,24,20,-0.049434937,-0.015215811,-0.024381865,-0.000583416,-0.050200079
0,24,21,-0.105305237,-0.0109235,-0.002204012,-0.103424151,-0.109058609
0,24,22,-0.163749664,-0.023174192,-0.045750715,-0.021647683,-0.178875733
0,24,23,-0.144134917,-0.016410565,-0.042015395,-0.010042262,-0.161198136
0,24,24,-0.16961703,0.003509736,-0.027612073,-0.0790898,-0.162197346
0,24,25,-0.152000912,0.013933102,-0.047857565,0.009249982,-0.141560665
0,24,26,-0.015430133,-0.000674544,0.005489853,-0.105108121,-0.021693795
0,24,27,0.015832842,-0.013405377,0.015726815,-0.044788114,0.010760311
0,24,28,-0.027758807,-0.027117221,0.006684484,-0.081389347,-0.029263843
0,24,29,0.026733763,-0.036075456,0.014632387,-0.024269332,0.024768039
0,24,30,-0.027382467,-0.00731058,0.002785601,-0.039192708,-0.030156841
0,24,31,0.011848728,0.000632806,0.005290117,-0.008798163,0.006304868
0,24,32,-0.035783655,0.023662254,0.01906045,-0.102627932,-0.04556776
0,24,33,0.006767335,0.01393021,0.009428577,-0.022860629,0.001515545
0,24,34,0.053995821,0.014897519,-0.01977318,0.058282368,0.05236361
0,24,35,-0.027752003,0.031997516,-0.019377037,0.039540864,-0.029976825
0,24,36,-0.011813843,-0.014307282,-0.024671641,0.008411591,-0.006053538
0,24,37,0.008062516,-0.015144026,-0.013783919,0.062880034,0.016435307
0,24,38,-0.05794969,0.000998792,-0.000790662,-0.050406169,-0.079009634
0,24,39,-0.108717095,0.003860041,-0.016758947,-0.047283717,-0.130871032
0,24,40,-0.015803409,-0.001368709,0.017957718,-0.080176558,-0.024621251
0,24,41,-0.018428933,0.019767225,0.007094805,-0.045408026,-0.021026
0,24,42,-0.12740413,0.048459527,-0.041213374,0.032440779,-0.12191319
0,24,43,-0.121858625,0.031845789,-0.002647738,-0.108650916,-0.140197093
0,24,44,-0.071791981,0.025334895,0.005562353,-0.121511441,-0.089401717
0,24,45,0.009142814,0.016570604,0.01694905,-0.06910529,-0.001084806
0,24,46,-0.117645576,0.024530018,-0.0037935,-0.025777379,-0.09259996
0,24,47,-0.014400473,-0.014035571,0.021484296,-0.095619826,-0.015774192
0,25,0,0.567453631,0.069995949,0.060131776,0.332209669,0.509921172
0,25,1,0,0,0,0,0
0,25,2,-0.079329694,0.021742402,-0.015080934,-0.005635118,-0.060753053
0,25,3,0,0,0,0,0
0,25,4,0.013055588,-0.007343217,0.01211376,-0.040977789,0.00304154
0,25,5,0,0,0,0,0
0,25,6,-0.015946685,-0.016251364,0.017866965,-0.074324203,-0.024949566
0,25,7,0,0,0,0,0
0,25,8,0.036660027,0.028606913,0.022032143,-0.045012105,0.024543
0,25,9,0,0,0,0,0
0,25,10,0.033618037,0.003616953,0.004025723,0.019089085,0.028495925
0,25,11,0,0,0,0,0
0,25,12,-0.042865414,0.031309295,-0.00696508,-0.016354871,-0.044854517
0,25,13,0,0,0,0,0
0,25,14,-0.009606539,0.013999612,-0.012055767,0.031745438,-0.00304453
0,25,15,0,0,0,0,0
0,25,16,-0.033920718,0.010385168,0.006794845,-0.056743137,-0.030646233
0,25,17,0,0,0,0,0
0,25,18,-0.004918807,0.000798335,-0.004515817,0.012070847,-0.006550455
0,25,19,0,0,0,0,0
0,25,20,-0.069455698,-0.018453984,-0.01750595,-0.01071197,-0.069280618
0,25,21,0,0,0,0,0
0,25,22,-0.210456989,0.021413206,-0.071233341,0.034195382,-0.224508349
0,25,23,0,0,0,0,0
0,25,24,-0.179770687,0.010734235,-0.043241745,-0.025585468,-0.167864852
0,25,25,0,0,0,0,0
0,25,26,-0.011531247,-0.004490586,0.002098113,-0.026198215,-0.01580005
0,25,27,0,0,0,0,0
0,25,28,-0.008473725,-0.003901323,-0.004282634,0.010988533,-0.006570324
0,25,29,0,0,0,0,0
0,25,30,-0.020312762,-0.003058468,-0.005255882,-0.003130146,-0.022633206
0,25,31,0,0,0,0,0
0,25,32,-0.01411569,0.099157847,-0.031116262,0.097626153,-0.016667756
0,25,33,0,0,0,0,0
0,25,34,-0.049219312,0.005721545,-0.00399028,-0.033857207,-0.048088028
0,25,35,0,0,0,0,0
0,25,36,0.004077147,-0.014182926,-0.023982496,0.09307748,0.016156979
0,25,37,0,0,0,0,0
0,25,38,-0.174518644,0.014876901,-0.002488226,-0.167900721,-0.194495103
0,25,39,0,0,0,0,0
0,25,40,0.010597541,-0.014871864,0.008967582,-0.024587952,0.007179234
0,25,41,0,0,0,0,0
0,25,42,-0.029108003,-0.008309776,0.003453859,-0.032768294,-0.026692212
0,25,43,0,0,0,0,0
0,25,44,0.030104404,0.00460531,0.023967956,-0.090842897,0.012235573
0,25,45,0,0,0,0,0
0,25,46,-0.126951406,0.015781842,0.001660586,-0.079223043,-0.097546754
0,25,47,0,0,0,0,0
0,26,0,0.617037259,0.074581152,0.049010777,0.425979732,0.49567261
0,26,1,-0.01080522,0.003864394,-9.54E-05,-0.000871578,-0.052812185
0,26,2,-0.105896245,0.013624985,0.000751327,-0.079471585,-0.091904967
0,26,3,-0.058552356,0.007379934,-0.007672949,-0.017280905,-0.044617377
0,26,4,-0.233853647,0.01007761,-0.035099658,-0.102690424,-0.236273394
0,26,5,-0.199671287,-0.015157816,-0.044924937,-0.030678136,-0.193222773
0,26,6,0.007112568,-0.036452101,0.016796454,-0.048045324,0.009080086
0,26,7,0.00557347,-0.022534494,0.00743409,-0.014705625,0.009220346
0,26,8,-0.018342333,0.035243511,-0.014324107,0.037576589,-0.013182206
0,26,9,-0.029032494,-0.00529522,0.001154383,-0.02794289,-0.026055105
0,26,10,-0.217250815,0.024205017,-0.077065614,0.056648551,-0.219646878
0,26,11,-0.195686057,0.027226413,-0.058646932,0.021130218,-0.197239399
0,26,12,-0.023523944,0.008795914,-0.01310039,0.040810836,-0.017211237
0,26,13,-0.040363454,-0.015585903,0.009316365,-0.074511586,-0.034054086
0,26,14,-0.020290919,0.0246975,-0.021821523,0.043028915,-0.009448572
0,26,15,-0.024202985,-0.008299015,0.007320173,-0.041194829,-0.021437932
0,26,16,-0.026194022,0.007544343,0.014890579,-0.070820783,-0.02297774
0,26,17,-0.041894214,-0.023467315,0.010919681,-0.068882148,-0.04014444
0,26,18,0.025779326,-0.027849765,0.027533458,-0.039422653,0.00564013
0,26,19,0.057927942,-0.007788998,0.03402047,-0.05035779,0.036385374
0,26,20,-1.452644567,-0.013114353,-0.431466266,-0.080768539,-1.409581364
0,26,21,-1.457998655,0.008471179,-0.437849627,-0.069819114,-1.411278863
0,26,22,-0.021948388,0.008185076,-0.010618652,0.037213887,-0.018186351
0,26,23,-0.04140074,0.001194255,-0.006560748,-0.007706396,-0.033898953
0,26,24,-0.04212251,0.008138305,0.021372527,-0.105882316,-0.050538799
0,26,25,-0.077890224,0.007691852,-0.002613315,-0.058900268,-0.081419107
0,26,26,-0.036476524,-0.004092112,-0.005496848,-0.015082007,-0.036588232
0,26,27,-0.067124253,-0.012784872,0.010801852,-0.098188634,-0.067927766
0,26,28,-0.029362188,0.006865842,-0.009547595,0.016099208,-0.036913792
0,26,29,-0.067294185,-0.003725243,-0.002321785,-0.053275734,-0.078038934
0,26,30,-0.011334083,0.004850918,0.00083701,-0.008336733,-0.009214815
0,26,31,-0.006314456,0.000732044,0.004956685,-0.019324041,-0.004885225
0,26,32,-0.120502751,0.01972659,0.019824037,-0.189011177,-0.10671404
0,26,33,-0.216754998,0.018505537,0.002487194,-0.22440586,-0.202646277
0,26,34,-0.153267806,-0.012074204,0.023328967,-0.232659664,-0.147408066
0,26,35,0.02019078,-0.025924642,0.014344617,-0.028786858,0.018644023
0,26,36,-0.060827508,-0.02440488,0.011211713,-0.10195648,-0.080316499
0,26,37,-0.05061104,0.019728551,-0.022647351,0.031337321,-0.067226315
0,26,38,-0.006616048,0.007447945,-0.00584874,0.014435459,-0.001185025
0,26,39,-0.021958166,-0.002168569,-5.65E-05,-0.016995952,-0.018748562
0,26,40,-0.043541084,0.037611124,-0.006734247,-0.016722451,-0.061258173
0,26,41,-0.102228315,0.022525545,-0.007353615,-0.068646767,-0.111535151
0,26,42,-0.075973814,-0.024889559,0.014152972,-0.171476814,-0.077710353
0,26,43,-0.029676414,0.049451436,-0.004410616,-0.002596794,-0.02695676
0,26,44,0.075624917,0.015002997,0.03356946,-0.05387754,0.025195873
0,26,45,0.027723184,-0.019902311,0.053783544,-0.161648719,-0.025279445
0,26,46,-0.139910147,-0.006381401,0.003200818,-0.089973094,-0.106972651
0,26,47,-0.028095244,-0.038949746,-0.006421837,0.000843893,-0.026463589
0,27,0,0.532097808,0.084925134,0.02842387,0.419218344,0.404307275
0,27,1,0,0,0,0,0
0,27,2,-0.026971087,-0.002379338,-0.011150256,0.023729206,-0.014483025
0,27,3,0,0,0,0,0
0,27,4,-0.21805493,0.003155943,-0.038318339,-0.081491163,-0.223755836
0,27,5,0,0,0,0,0
0,27,6,-0.046143815,-0.006227129,0.013056019,-0.095644388,-0.043177571
0,27,7,0,0,0,0,0
0,27,8,0.020785173,0.012219357,-0.008192169,0.053265679,0.020205433
0,27,9,0,0,0,0,0
0,27,10,-0.233677828,0.033664724,-0.055040192,-0.043019951,-0.24205589
0,27,11,0,0,0,0,0
0,27,12,0.045926079,-0.003689613,-0.009908805,0.08578025,0.046583372
0,27,13,0,0,0,0,0
0,27,14,-0.045642861,-0.017530472,0.008217579,-0.075376393,-0.043162509
0,27,15,0,0,0,0,0
0,27,16,-0.00638853,0.003203652,0.014161439,-0.058858806,-0.0099461
0,27,17,0,0,0,0,0
0,27,18,0.061761732,-0.010194447,0.018473502,-0.003621295,0.026175447
0,27,19,0,0,0,0,0
0,27,20,-1.509421495,-0.009653435,-0.437668119,-0.13726666,-1.467574416
0,27,21,0,0,0,0,0
0,27,22,-0.047996483,0.003564723,-0.00255064,-0.038348217,-0.0459236
0,27,23,0,0,0,0,0
0,27,24,-0.009564603,0.045792947,-0.008758402,0.023866818,-0.013713226
0,27,25,0,0,0,0,0
0,27,26,-0.049612781,-0.011005356,0.013669133,-0.101245996,-0.060392922
0,27,27,0,0,0,0,0
0,27,28,-0.020548873,-0.009744304,-0.008079618,0.008831048,-0.028621202
0,27,29,0,0,0,0,0
0,27,30,0.042986099,0.029252448,0.015434153,-0.010568878,0.039702869
0,27,31,0,0,0,0,0
0,27,32,-0.14786579,0.003483942,0.024570825,-0.2399708,-0.139551959
0,27,33,0,0,0,0,0
0,27,34,-0.168921206,-0.002976126,0.01255693,-0.225584512,-0.163709356
0,27,35,0,0,0,0,0
0,27,36,-0.031944294,-0.007452747,-0.011576587,0.010166053,-0.053896806
0,27,37,0,0,0,0,0
0,27,38,-0.042513503,0.02025621,0.002292443,-0.044856035,-0.04235094
0,27,39,0,0,0,0,0
0,27,40,-0.036760864,0.005195792,-0.003397738,-0.025506785,-0.055636536
0,27,41,0,0,0,0,0
0,27,42,-0.017192668,0.006496819,0.00045222,-0.014154515,-0.015083782
0,27,43,0,0,0,0,0
0,27,44,0.114271016,0.004889389,0.045576195,-0.083630384,0.043964624
0,27,45,0,0,0,0,0
0,27,46,-0.088945125,0.046142691,-0.016197455,0.020032435,-0.057032707
0,27,47,0,0,0,0,0
0,28,0,0.671356322,0.052635554,0.059217871,0.433850335,0.586133357
0,28,1,0.055535561,-0.010438913,-0.002709257,0.04407428,0.044990052
0,28,2,-0.218854686,-0.013465967,-0.057059655,-0.027626382,-0.214336474
0,28,3,-0.18773704,0.023644501,-0.066882524,0.036271496,-0.18575385
0,28,4,-0.163517158,0.033624959,-0.056099452,0.0160338,-0.160882249
0,28,5,-0.134372706,0.036951517,-0.037046574,-0.030014724,-0.149982325
0,28,6,0.016301202,0.027575497,-0.008698857,-0.002529334,0.011248039
0,28,7,0.035252059,0.021960739,-0.006172733,0.037763219,0.030100173
0,28,8,0.074577434,0.006850481,0.035315456,-0.093635976,0.03474623
0,28,9,0.019543992,-0.005619631,0.02435205,-0.089899199,-0.002797575
0,28,10,0.003984583,-0.028962758,0.015450626,-0.065753565,-0.023481802
0,28,11,0.019380974,-0.030675455,0.021501065,-0.102117799,-0.011441444
0,28,12,-0.048242028,-0.006055278,-0.02711034,0.060996488,-0.065693152
0,28,13,-0.120174258,0.003063419,-0.016197317,-0.064994283,-0.137658303
0,28,14,0.00260414,-0.029486427,0.007720561,-0.042731082,-0.00371892
0,28,15,0.070832498,-0.040856186,0.017442563,-0.02832204,0.055544607
0,28,16,0.068703653,0.002802196,0.001808657,0.042846199,0.059520449
0,28,17,0.079120775,0.00693075,0.010414816,0.010814885,0.064700584
0,28,18,0.028793698,0.008311819,0.014039089,-0.056061151,0.016302549
0,28,19,0.058384224,0.00027307,0.002212703,0.018928117,0.049175029
0,28,20,0.080533159,-0.021136915,0.005216805,0.029174496,0.063081372
0,28,21,0.059372374,-0.002394453,0.008670452,-0.009660468,0.040432723
0,28,22,0.048673825,-0.006378716,0.004529244,0.021263352,0.043096891
0,28,23,0.048770926,-0.016966738,0.016092847,-0.023352613,0.040845077
0,28,24,0.049252505,0.025692648,-0.010001757,0.068618126,0.032726661
0,28,25,0.037763413,0.000849219,0.027642947,-0.094431512,0.016677551
0,28,26,0.083698552,-0.017476507,0.021189673,-0.020813359,0.062369135
0,28,27,0.062254868,-0.022092903,0.011878663,-0.003867996,0.050960096
0,28,28,-0.737602926,-0.00719274,-0.208589724,-0.032617115,-0.732084248
0,28,29,-0.730530626,-0.00109983,-0.202835539,-0.037847601,-0.72348674
0,28,30,0.049683277,0.028296306,0.009903218,-0.00047492,0.04511177
0,28,31,0.05661593,-0.026314736,0.012459426,-0.008039951,0.047129336
0,28,32,-0.017845822,0.008214251,0.014921234,-0.109826234,-0.025780394
0,28,33,-0.106801777,0.006492528,0.025719189,-0.238842438,-0.116499127
0,28,34,-0.106384111,-0.02394728,0.019725752,-0.21891755,-0.112228668
0,28,35,0.038329846,0.00014369,-0.018709376,0.091508673,0.036646725
0,28,36,-0.216029459,0.035868304,-0.063004321,-0.003330326,-0.205445178
0,28,37,-0.190707,0.044747164,-0.062594876,0.011998552,-0.189437825
0,28,38,-0.018760335,0.037486031,-0.008702213,0.014619595,-0.033654145
0,28,39,0.008604282,0.001744993,0.00800753,-0.031056007,-0.005202601
0,28,40,0.038130725,0.007976474,0.004925687,0.015948326,0.02203314
0,28,41,0.059650009,-0.013462439,-0.008296949,0.062885518,0.045980478
0,28,42,0.032382568,-0.040198454,-0.009125632,0.046356897,0.022888874
0,28,43,0.097280049,-0.011257797,-0.005301024,0.085804284,0.079982636
0,28,44,0.11362337,-0.006038565,-0.001731148,0.064413131,0.075265542
0,28,45,0.033002319,-0.01209942,-0.011103946,0.059635844,-2.47E-05
0,28,46,-0.086831625,0.027724837,-0.02556535,0.048410103,-0.056151942
0,28,47,-0.054210365,0.009753249,-0.018606765,0.007629104,-0.052404239
0,29,0,0.595497094,0.073415459,0.026989578,0.483989472,0.52488517
0,29,1,0,0,0,0,0
0,29,2,-0.25753898,0.004789625,-0.049587682,-0.054055466,-0.242980739
0,29,3,0,0,0,0,0
0,29,4,-0.191581138,0.031360229,-0.036166476,-0.059993552,-0.193074391
0,29,5,0,0,0,0,0
0,29,6,-0.037853795,0.009456551,0.003662907,-0.055893207,-0.039443023
0,29,7,0,0,0,0,0
0,29,8,0.098991431,0.044390669,0.015689608,0.030809558,0.056375826
0,29,9,0,0,0,0,0
0,29,10,-0.056041268,-0.016755468,0.01728808,-0.113972066,-0.080175956
0,29,11,0,0,0,0,0
0,29,12,-0.152370851,0.000476244,-0.01648405,-0.085128947,-0.16761176
0,29,13,0,0,0,0,0
0,29,14,-0.028917219,-0.024989701,0.001282179,-0.039213091,-0.026227949
0,29,15,0,0,0,0,0
0,29,16,0.054774156,0.015321675,0.007853914,0.037739877,0.052482931
0,29,17,0,0,0,0,0
0,29,18,0.041131534,-0.012196175,0.0067561,0.005834304,0.040252079
0,29,19,0,0,0,0,0
0,29,20,-0.013266563,-0.014863881,-0.000209695,-0.01761844,-0.014427905
0,29,21,0,0,0,0,0
0,29,22,0.019542881,0.009475889,0.00263006,0.017044664,0.019309094
0,29,23,0,0,0,0,0
0,29,24,0.00648354,0.017271575,0.00011192,0.002183217,-0.005575336
0,29,25,0,0,0,0,0
0,29,26,-0.007373696,0.007018074,0.009114027,-0.039331263,-0.018115745
0,29,27,0,0,0,0,0
0,29,28,-0.867226214,-0.01467688,-0.215388214,-0.097152252,-0.852310641
0,29,29,0,0,0,0,0
0,29,30,-0.028866446,0.006157909,0.007839846,-0.052462749,-0.02471935
0,29,31,0,0,0,0,0
0,29,32,0.01271769,0.021443096,0.003506145,-0.005213761,0.004097228
0,29,33,0,0,0,0,0
0,29,34,-0.096040261,-0.013226787,-0.019690388,-0.022013672,-0.102754681
0,29,35,0,0,0,0,0
0,29,36,-0.258161244,0.013377856,-0.060113486,-0.031437165,-0.230039342
0,29,37,0,0,0,0,0
0,29,38,-0.057949862,-0.017177075,0.009337704,-0.093530104,-0.06123437
0,29,39,0,0,0,0,0
0,29,40,-0.002177312,0.026620498,0.033803848,-0.140595426,-0.018610967
0,29,41,0,0,0,0,0
0,29,42,-0.093301477,0.034724916,-0.041762294,0.083906521,-0.08803056
0,29,43,0,0,0,0,0
0,29,44,0.033551861,-0.020578482,-0.014444873,0.058923488,0.010932439
0,29,45,0,0,0,0,0
0,29,46,-0.163886196,0.016362379,-0.010514577,-0.052621352,-0.120700386
0,29,47,0,0,0,0,0
0,30,0,0.016626892,0.005659635,0.000988299,0.012317364,0.027158552
0,30,1,-0.125025119,-0.001863514,-0.006785839,-0.064220504,-0.091143748
0,30,2,-0.180256844,-0.01604428,-0.010363867,-0.103515752,-0.143764971
0,30,3,-0.166137608,0.001440581,-0.013557241,-0.071724926,-0.134095496
0,30,4,-0.278091643,-0.013304178,-0.033791086,-0.096389531,-0.295462685
0,30,5,-0.217606048,-0.035816446,-0.007278087,-0.142024311,-0.241057502
0,30,6,-0.197894032,-0.033930778,0.002194383,-0.16136278,-0.174311926
0,30,7,-0.174482777,-0.009583444,-0.008777699,-0.096344715,-0.155174352
0,30,8,-0.152382777,0.002117138,-0.010828969,-0.067781026,-0.131111987
0,30,9,-0.167530551,-0.030998165,-0.002712829,-0.109694299,-0.148094959
0,30,10,-0.125025613,-0.033909117,0.014883757,-0.125525509,-0.113119706
0,30,11,-0.144122035,-0.034836956,0.007937765,-0.110925812,-0.126298968
0,30,12,-0.151416404,-0.015001556,-0.006238849,-0.091196405,-0.126070553
0,30,13,-0.137004894,-0.00250487,-0.017468764,-0.041257471,-0.109322323
0,30,14,-0.12249969,0.008685867,-0.029617232,0.02412193,-0.123116799
0,30,15,-0.134771548,-0.01563147,-0.010138811,-0.038011128,-0.14347752
0,30,16,-0.175710923,0.032478855,-0.011456642,-0.069886273,-0.203197671
0,30,17,-0.174867022,0.017181515,-0.013856839,-0.068052323,-0.179610571
0,30,18,-0.116082161,-0.01659116,-0.005270748,-0.037489657,-0.096287212
0,30,19,-0.103849186,-0.035025423,0.013789152,-0.10449206,-0.084072641
0,30,20,-0.117917715,0.05441322,-0.052876928,0.136991242,-0.091544018
0,30,21,-0.131630631,-0.008629788,-0.006113435,-0.044969569,-0.111738442
0,30,22,-0.159862175,-0.000372866,-0.010239145,-0.0571324,-0.135284096
0,30,23,-0.137854867,-0.012088001,-0.007413043,-0.063685763,-0.117451993
0,30,24,-0.154103903,0.012753003,-0.00287743,-0.093316927,-0.138904297
0,30,25,-0.17878763,0.018477407,-0.00619845,-0.103698183,-0.162318783
0,30,26,-0.169020537,-0.022626241,-0.006102396,-0.105375198,-0.159391273
0,30,27,-0.221595894,0.000208633,0.004449467,-0.204215469,-0.210404864
0,30,28,-0.446820458,-0.020809236,-0.070667316,-0.138789889,-0.411392083
0,30,29,-0.440148619,0.013844773,-0.074970231,-0.113717038,-0.397059266
0,30,30,-0.202844584,0.014499007,-0.016217796,-0.09402325,-0.17363211
0,30,31,-0.195015432,-0.004102335,-0.021590062,-0.070871145,-0.175340499
0,30,32,-0.080644717,-0.007994505,-0.015454797,0.023214437,-0.065070487
0,30,33,-0.126254417,0.002903119,-0.010791531,-0.034816274,-0.112657907
0,30,34,-0.148590432,0.009961003,-0.031383512,0.00849958,-0.12319368
0,30,35,-0.175123089,0.021432922,-0.029255104,-0.029456509,-0.154059255
0,30,36,-0.051579925,-0.023451281,-0.019670348,0.066710594,-0.020223484
0,30,37,-0.188903713,0.000623674,0.003183227,-0.153937307,-0.162106827
0,30,38,-0.325858948,-0.009166311,-0.006034012,-0.300248026,-0.384984407
0,30,39,-0.294461126,-0.004790401,-0.017380781,-0.191830399,-0.307220144
0,30,40,-1.51625842,-0.009179552,-0.317891705,-0.286040562,-1.434392719
0,30,41,-1.611340843,-0.006214931,-0.331601561,-0.310207999,-1.51180965
0,30,42,-0.210190505,-0.033224673,0.000698185,-0.158897903,-0.193182727
0,30,43,-0.164669298,-0.032691586,0.022361046,-0.216835309,-0.145406787
0,30,44,-0.153155522,-0.003817507,0.00631085,-0.175668559,-0.118065647
0,30,45,-0.168971718,-0.028859581,0.007109513,-0.17005306,-0.127813036
0,30,46,-0.183296784,0.011766181,0.012006337,-0.139972838,-0.11929011
0,30,47,0.156428911,0.05610708,0.051872357,0.030390307,0.114825439
0,31,0,0.344735998,0.03348867,0.080678211,-0.016405069,0.267138523
0,31,1,0,0,0,0,0
0,31,2,-0.043745931,-0.00703788,-0.004277905,-0.02643494,-0.037975498
0,31,3,0,0,0,0,0
0,31,4,-0.19077158,0.02019114,-0.042728881,-0.015661757,-0.212396072
0,31,5,0,0,0,0,0
0,31,6,-0.090599166,-0.018730266,-0.001934975,-0.082947825,-0.094434185
0,31,7,0,0,0,0,0
0,31,8,-0.054482624,0.021761587,-0.011024048,-0.011065373,-0.044271217
0,31,9,0,0,0,0,0
0,31,10,0.003628866,0.009503055,-0.000999593,0.009707163,0.001307724
0,31,11,0,0,0,0,0
0,31,12,-0.004492441,0.014524743,-0.007537775,0.025430407,0.005029439
0,31,13,0,0,0,0,0
0,31,14,-0.007661229,0.03617542,-0.007441426,0.020110141,-0.036504947
0,31,15,0,0,0,0,0
0,31,16,-0.085303037,0.020727049,-0.022124106,0.008854924,-0.1012838
0,31,17,0,0,0,0,0
0,31,18,-0.006295832,-0.016166808,-0.002374437,0.003540738,-0.005058305
0,31,19,0,0,0,0,0
0,31,20,-0.004580544,-0.029388035,0.00728854,-0.035946159,-0.005522207
0,31,21,0,0,0,0,0
0,31,22,-0.02002904,0.019977337,-0.005785113,0.004421821,-0.01937931
0,31,23,0,0,0,0,0
0,31,24,0.071082221,0.007531095,0.011468735,0.025287202,0.071823903
0,31,25,0,0,0,0,0
0,31,26,-0.059521003,0.003080579,0.00243169,-0.072944097,-0.069750156
0,31,27,0,0,0,0,0
0,31,28,-0.350859017,-0.019035731,-0.066385846,-0.087759189,-0.333017534
0,31,29,0,0,0,0,0
0,31,30,-0.074596645,0.019112552,-0.022929169,0.021299407,-0.058685474
0,31,31,0,0,0,0,0
0,31,32,0.040963667,0.001961779,-0.001820492,0.052074077,0.034007119
0,31,33,0,0,0,0,0
0,31,34,0.004251318,0.010100513,0.004076684,-0.014061909,0.008918712
0,31,35,0,0,0,0,0
0,31,36,-0.021435802,-0.016659396,-0.009029104,0.010184781,-0.020758315
0,31,37,0,0,0,0,0
0,31,38,-0.241151986,0.063853946,-0.065584182,0.038189703,-0.281045027
0,31,39,0,0,0,0,0
0,31,40,-1.658969016,-0.000163295,-0.417112703,-0.054950608,-1.559691282
0,31,41,0,0,0,0,0
0,31,42,-0.041469335,-0.006681079,0.009099749,-0.072988379,-0.034712019
0,31,43,0,0,0,0,0
0,31,44,-0.044411328,0.009271894,-0.003050874,-0.077613005,-0.042375666
0,31,45,0,0,0,0,0
0,31,46,0.122689851,0.088133169,0.020513756,0.126886409,0.084972352
0,31,47,1.043506736,0,0,1.412343734,1.004744784