"","gRNA_name","Seq","SOURCEPLATEID","SOURCECOLONYCOLUMN","SOURCECOLONYROW","GENE","Control.gRNA","Location_1536","BASAL_GT_RND1_R1","BASAL_GT_RND1_R2","BASAL_GT_RND1_R3","BASAL_GT_RND2_R1","BASAL_GT_RND2_R2","BASAL_GT_RND2_R3","BASAL_GT_RND1_MEAN","BASAL_GT_RND2_MEAN","BASAL_GT_RND1_SD","BASAL_GT_RND2_SD","BASAL_GT_RND1_2_MEAN","BASAL_GT_RND1_2_MED","BASAL_GT_RND1_2_SD","FA_GT_RND1_R1","FA_GT_RND1_R2","FA_GT_RND1_R3","FA_GT_RND2_R1","FA_GT_RND2_R2","FA_GT_RND2_R3","FA_GT_RND1_MEAN","FA_GT_RND2_MEAN","FA_GT_RND1_SD","FA_GT_RND2_SD","FA_GT_RND1_2_MEAN","FA_GT_RND1_2_MED","FA_GT_RND1_2_SD","LPI_GT_RND1_R1","LPI_GT_RND1_R2","LPI_GT_RND1_R3","LPI_GT_RND2_R1","LPI_GT_RND2_R2","LPI_GT_RND2_R3","LPI_GT_RND1_MEAN","LPI_GT_RND2_MEAN","LPI_GT_RND1_SD","LPI_GT_RND2_SD","LPI_GT_RND1_2_MEAN","LPI_GT_RND1_2_MED","LPI_GT_RND1_2_SD","n_BASAL","n_LPI","P.value","P.adj"
"1835","ADE2-TRg-1","AAATTGGTGCGTAAAATCGT","R2877.H.002",6,"D","ADE2",0,"G11",-0.0176291680137424,0.0110284131067906,-0.0200963262669769,0.0313062260741408,-0.000127412356227152,0.0288684355460016,-0.00889902705797622,0.0200157497546384,0.0173017013932705,0.0174870220601802,0.0055583613483311,0.00545050037528172,0.0222008382745122,-0.0665400596687391,-0.0739697275549904,-0.0618605820277347,-0.127476095691042,-0.0701213609460218,-0.0547967516804153,-0.0674567897504881,-0.0841314027724932,0.00610640212253926,0.0383116524759553,-0.0757940962614906,-0.0683307103073805,0.0261809312431452,-0.0489108916549967,-0.084998140661781,-0.0417642557607578,-0.158782321765183,-0.0699939485897947,-0.0836651872264169,-0.0585577626925119,-0.104147152527132,0.0231751761917696,0.0478066625034395,-0.0813524576098217,-0.0768295679081058,0.0418633974749161,6,6,0.00202056305454335,0.0342309403842619
"21313","AME1-NRg-5","CAGCTTCAAACGGCTGTGAA","R2877.H.014",1,"O","AME1",0,"AC1",-0.113964456942358,-0.050885398720131,-0.017201992458284,0.0446255523024801,0.0399654866378916,-0.012091112064075,-0.0606839493735909,0.0241666422920989,0.0491197753398692,0.0314864671917008,-0.018258653540746,-0.0146465522611795,0.0593426225411938,-0.26082175291615,-0.13181899958842,-0.175187419961977,-0.101559621264823,-0.0557882484348931,-0.133129391350218,-0.189276057488849,-0.0968257536833112,0.0656452197197669,0.0388872758569128,-0.14305090558608,-0.132474195469319,0.0699480066933442,-0.146857295973793,-0.0809336008682895,-0.157985427503693,-0.146185173567303,-0.0957537350727846,-0.121038279286143,-0.128592108115258,-0.12099239597541,0.0416468343646156,0.0252157505562545,-0.124792252045334,-0.133611726426723,0.0310715922164629,6,6,9.28880799525525e-05,0.00903134646929981
"16045","APC2-TRg-1","CATCTAAATTTTCAAACCTT","R2877.H.011",7,"H","APC2",0,"O13",-0.031597226,-0.045490002,-0.037573718,-0.0278438294081165,-0.0237356227422749,-0.044876854497115,-0.0382203153333333,-0.0321521022158355,0.00696892189152306,0.0112097649826953,-0.0351862087745844,-0.034585472,0.0089853683536501,-0.10931462309034,-0.0748391003604931,-0.147702125642336,-0.177514201424705,-0.162710446416629,-0.244577276748693,-0.11061861636439,-0.194933974863343,0.0364490111271857,0.0436248880473616,-0.152776295613866,-0.155206286029483,0.0585268178817189,-0.0777173970903401,-0.0293490983604931,-0.110128407642336,-0.149670372016589,-0.138974823674354,-0.199700422251578,-0.0723983010310565,-0.162781872647507,0.0406514918444432,0.0324165569923221,-0.117590086839282,-0.124551615658345,0.0594315386643316,6,6,0.0024397956331259,0.0378231749364145
"4359","BUL1-NRg-7","TTTTAAGTTCAATCCACCGA","R2877.H.003",20,"N","BUL1",0,"AA39",0.0477265256746118,0.0187512430931147,0.0495953874840913,0.033306165793904,0.0347654907404116,0.0288331142240856,0.0386910520839393,0.0323015902528004,0.0172936447303239,0.00309114085673907,0.0354963211683698,0.0340358282671578,0.011648935002369,-0.056821245378003,-0.141605492004103,-0.14052820272877,-0.0177817641803513,0.0235092742008853,-0.00559878667777935,-0.112984980036958,4.29077809182369e-05,0.0486422034469743,0.0212157724328897,-0.0564710361280201,-0.0373015047791772,0.0704205950685703,-0.104547771052615,-0.160356735097217,-0.190123590212861,-0.0510879299742553,-0.0112562165395262,-0.034431900901865,-0.151676032120898,-0.0322586824718822,0.0434433097192087,0.0200045871625711,-0.0919673572963899,-0.077817850513435,0.0720635336763343,6,6,0.0129381891956036,0.0866579910006307
"32005","DED1-TRg-5","TATAAAAGAGATGGAGGAAC","R2877.H.021",19,"N","DED1",0,"AA37",-0.035150759922713,0.0107026784869972,-0.0397755410876848,0.00819835008897374,-0.00741197415817196,-0.00195877219453022,-0.0214078741744668,-0.000390798754576149,0.027904530893288,0.00792240249586938,-0.0108993364645215,-0.00468537317635109,0.0216583969867121,-0.0700131027199657,-0.0982614452325881,-0.090468436715621,-0.121519355648174,-0.0765350001065472,-0.13727489331734,-0.0862476615560583,-0.111776416357354,0.0145894969374647,0.031520268183077,-0.0990120389567061,-0.0943649409741045,0.0260397290193265,-0.0348623427972528,-0.108964123719585,-0.0506928956279362,-0.129717705737148,-0.0691230259483753,-0.13531612112281,-0.0648397873815914,-0.111385617602778,0.0390239592261289,0.0367073637533082,-0.0881127024921846,-0.0890435748339803,0.0424037058787785,6,6,0.00159853688874869,0.0308944897930925
"35649","HSP10-NRg-5","TCACACGAATGAGAATTGGG","R2877.H.024",17,"D","HSP10",0,"G33",-0.0224322238331602,-0.0161135517955877,-0.0229607654446955,-0.0215837980049722,-0.0271562834677965,-0.0142678791035902,-0.0205021803578145,-0.021002653525453,0.00380984048900679,0.00646382537228382,-0.0207524169416337,-0.0220080109190662,0.00475326321756749,-0.148338954969154,-0.0401670282310804,-0.0894780074246571,-0.073340028327777,-0.0585734885435478,-0.13310970124556,-0.0926613302082971,-0.0883410727056281,0.054156177777936,0.0394675214614444,-0.0905012014569626,-0.081409017876217,0.0424479696121829,-0.125906731135994,-0.0240534764354927,-0.0665172419799616,-0.0517562303228047,-0.0314172050757513,-0.118841822141969,-0.0721591498504826,-0.0673384191801751,0.0511604800269296,0.045747889289931,-0.0697487845153289,-0.0591367361513832,0.043486520551621,6,6,0.00408131860957938,0.0494680148545902
"34773","INO80-TRg-6","AAAAAAAGACAGAGTGGGAG","R2877.H.023",11,"K","INO80",0,"U21",0.0469650092231668,0.0321812992430139,0.0666438605456214,0.00501428673852922,0.0227317478297016,0.0353937139720606,0.0485967230039341,0.0210465828467638,0.0172891266488725,0.0152596604000268,0.0348216529253489,0.0337875066075373,0.0209859839208429,-0.00817567869237568,-0.0334964530597204,-0.012761312221532,-0.176863438290446,-0.112344865728284,-0.171987284525011,-0.0181444813245427,-0.153731862847913,0.0134914523248686,0.0359250172835202,-0.085938172086228,-0.0729206593940019,0.0781295838307833,-0.0551406879155425,-0.0656777523027343,-0.0794051727671534,-0.181877725028975,-0.135076613557985,-0.207380998497071,-0.0667412043284767,-0.174778445694677,0.0121671485540699,0.0366712536689801,-0.120759825011577,-0.107240893162569,0.0640214167013054,6,6,0.00305806582777873,0.0422135784405568
"4801","MDM38-TRg-2","AAATGGATCAGTCATTGCCA","R2877.H.004",1,"C","MDM38",0,"E1",0.0421118899940693,0.0098362967076091,0.005738702049781,0.136487576975931,0.00565648032298327,0.111921768005091,0.0192289629171531,0.0846886084346684,0.0199228219437048,0.0695372396489415,0.0519587856759108,0.0259740933508392,0.0581242476963064,-0.129052878663807,-0.00323497752910651,-0.235240740658806,-0.0750969850074603,-0.0155081245668409,-0.0993698209251761,-0.122509532283907,-0.0633249768331591,0.116141207449097,0.043152417792822,-0.0929172545585329,-0.0872334029663182,0.0848009903999413,-0.171164768657877,-0.0130712742367156,-0.240979442708587,-0.211584561983392,-0.0211646048898242,-0.211291588930267,-0.14173849520106,-0.148013585267827,0.116768842125018,0.10985453711844,-0.144876040234444,-0.191228178794072,0.101454451618908,6,6,0.0107453168696106,0.0794711119863455
"35085","NUT2-NRg-1","TATTTGCCTCTTTCTCAAAC","R2877.H.023",23,"N","NUT2",0,"AA45",0.00335653287132232,0.00182011902332291,0.0298723230280273,-0.020552022802063,-0.0314899921022054,-0.010471405582289,0.0116829916408909,-0.0208378068288525,0.0157711437160208,0.0105122071519866,-0.0045774075939808,-0.00432564327948304,0.0214703257837407,-0.133830438389197,-0.110795940449847,0.0348439877509858,-0.226855274378783,-0.172297777829533,-0.239417132176049,-0.0699274636960192,-0.212856728128122,0.0914627782355401,0.0356822281370183,-0.14139209591207,-0.153064108109365,0.0999204527225777,-0.137186971260519,-0.11261605947317,0.00497166472295851,-0.20630325157672,-0.140807785727328,-0.22894572659376,-0.0816104553369101,-0.192018921299269,0.0759821035643364,0.0457723248661258,-0.13681468831809,-0.138997378493923,0.0824885635778264,6,6,0.00567937634966711,0.0582591989079958
"4845","PEP7-TRg-10","TTCCTGAATTACAAAAGTAC","R2877.H.004",23,"C","PEP7",0,"E45",0.0818193235418792,0.0441274352413878,0.068788222255215,-0.00475711361852782,0.047254325545024,-0.00777170465735666,0.0649116603461607,0.0115751690897132,0.0191426333112826,0.0309357979338623,0.0382434147179369,0.0456908803932059,0.0371862876800404,-0.0726634116441991,-0.0504237857074132,-0.0496053157099063,0.0047511927179098,0.00112324427666088,-0.0309780830881481,-0.0575641710205062,-0.00836788203119247,0.0130827280734309,0.0196648518008669,-0.0329660265258493,-0.0402916993990272,0.0308095459748011,-0.154482735186078,-0.0945512209488011,-0.118393537965121,0.00950830633643762,-0.0461310812683631,-0.0232063784307914,-0.122475831366667,-0.0199430511209056,0.0301735884384915,0.0279628743534691,-0.0712094412437863,-0.0703411511085821,0.061893767214664,6,6,0.0159533224222532,0.0960312712429709
"5315","RCF1-NRg-2","TATTATTCTTGAAGCATAAA","R2877.H.004",18,"H","RCF1",0,"O35",-0.0219280513571007,-0.00739096091483105,-0.00695030243127848,0.00205096654346004,-0.00983458691703265,0.00620764575739008,-0.0120897715677368,-0.000525324872060843,0.00852304856756886,0.00832563903783632,-0.0063075482198988,-0.00717063167305476,0.00984400208871024,-0.117442922585471,-0.0809057883359299,-0.13541338343664,-0.189050093763983,-0.124761405310245,-0.169492247161672,-0.11125403145268,-0.1611012487453,0.0277758215181096,0.0329555079856632,-0.13617764009899,-0.130087394373442,0.0385804124988951,-0.09551487122837,-0.0735148274210988,-0.128463081005361,-0.191101060307443,-0.114926818393213,-0.175699892919062,-0.0991642598849433,-0.160575923873239,0.0276553099994403,0.0402762909485989,-0.129870091879091,-0.121694949699287,0.0456751141831079,6,6,0.000495363632360921,0.0186882894523765
"8771","RET2-NRg-6","AAAATGTAAACGCGCAGGGC","R2877.H.006",18,"L","RET2",0,"W35",0.0156537922338107,0.053057865406658,-0.002197668123886,0.0260532542846632,0.0797459333551565,0.0354952349825655,0.0221713298388609,0.0470981408741284,0.0281984435521041,0.0286652492626193,0.0346347353564946,0.0307742446336143,0.0288642212113214,-0.0336959599635793,-0.0709114712275025,-0.0726481256633362,-0.0441782183030202,-0.0975019103192167,-0.0275076795587768,-0.0590851856181394,-0.0563959360603379,0.0220048534796531,0.036561626814661,-0.0577405608392386,-0.0575448447652613,0.0270288007827476,-0.04934975219739,-0.123969336634161,-0.0704504575394502,-0.0702314725876834,-0.177247843674373,-0.0630029145413422,-0.0812565154570003,-0.103494076934466,0.0384655529164364,0.063974812184959,-0.0923752961957333,-0.0703409650635668,0.0487575930932445,6,6,0.00250390356318201,0.0381458290947628
"33797","RPN8-TRg-1","AAAGTTCGGGGATACCTCAG","R2877.H.023",3,"A","RPN8",0,"A5",0.0399342622061314,0.0393584003400336,0.0114713707286165,0.0354596879365541,0.0916958294452765,0.0241341197990881,0.0302546777582605,0.0504298790603062,0.0162693691165211,0.0361832298073323,0.0403422784092834,0.0374090441382938,0.0274167653192231,-0.199165197569608,-0.00777346954692693,-0.115764743207043,-0.051248367050674,-0.0699663767563172,0.0383586600244907,-0.107567803441193,-0.0276186945941668,0.0959587971736864,0.0578994772315969,-0.0675932490176797,-0.0606073719034956,0.0833170696143067,-0.239099459775739,-0.0471318698869605,-0.127236113935659,-0.0867080549872281,-0.161662206201594,0.0142245402254026,-0.137822481199453,-0.0780485736544731,0.0964206527192671,0.0882625450283578,-0.107935527426963,-0.106972084461444,0.0889199845773474,6,6,0.017278159520654,0.0998016160727624
"34595","RPS30B-NRg-10","TGCAGCATAGATGGGAAACT","R2877.H.023",18,"I","RPS30B",0,"Q35",0.046685019289967,0.0347236597598619,0.0323766867859723,0.0151968867086896,0.025967320880298,0.0197373999380552,0.0379284552786004,0.0203005358423476,0.00767366473719781,0.00540725481147919,0.029114495560474,0.0291720038331351,0.0113345700021385,-0.0233644091801231,-0.0588369649871976,-0.0582729544503477,-0.0895620213335997,0.0017377023960039,-0.046248596103668,-0.0468247762058895,-0.0446909716804213,0.0203192308591927,0.0456697879747477,-0.0457578739431554,-0.0522607752770079,0.0316355212865681,-0.0700494284700901,-0.0935606247470595,-0.09064964123632,-0.104758908042289,-0.0242296184842941,-0.0659859960417233,-0.0847532314844899,-0.0649915075227689,0.0128167789855585,0.0402738547290871,-0.0748723695036294,-0.0803495348532051,0.0288384985653463,6,6,0.000496823700630679,0.0186882894523765
"28737","SAP30-TRg-4","TTAGCAAGGCAACGCCGTTC","R2877.H.019",17,"L","SAP30",0,"W33",0.0563774851181218,0.0231476329424747,0.0506339771066426,0.0306565722542238,0.0414983489678444,0.0439675531686086,0.0433863650557464,0.0387074914635589,0.0177609594119817,0.00708076390177634,0.0410469282596526,0.0427329510682265,0.012361355754698,-0.0566999127155552,0.0211633995907961,-0.0580078219511542,0.0332668359311656,-0.0249705757096483,-0.0924567538418193,-0.0311814450253044,-0.028053497873434,0.045336681892866,0.0629184675842667,-0.0296174714493692,-0.0408352442126018,0.0490774340333559,-0.113077397833677,-0.00198423335167863,-0.108641799057797,0.00261026367694184,-0.0664689246774928,-0.136424307010428,-0.0745678100810508,-0.0667609893369929,0.0628983333821067,0.0695177454890425,-0.0706643997090219,-0.0875553618676448,0.0594462012839284,6,6,0.0139980202799984,0.0896294140333469
"3969","SWI3-TRg-5","GAATAACGAGGCCGGACGTT","R2877.H.003",17,"J","SWI3",0,"S33",0.0393918729182274,-0.000500287384121334,0.0276897044028352,0.0247099456265791,0.0312899023058613,-0.0179091816139871,0.0221937633123138,0.0126968887728178,0.0205061000619312,0.0267090362212276,0.0174453260425658,0.0261998250147072,0.0219227345477792,-0.177188955265641,-0.0775789567223399,-0.131409969758592,-0.0480369817980364,-0.0334156717964182,-0.0222033294799591,-0.128725960582191,-0.0345519943581379,0.0498592105973749,0.0129542587493855,-0.0816389774701645,-0.0628079692601882,0.061009198116075,-0.216580828183869,-0.0770786693382186,-0.159099674161427,-0.0727469274246155,-0.0647055741022795,-0.00429414786597193,-0.150919723894505,-0.0472488831309557,0.0701098906747561,0.0374165444967502,-0.0990843035127302,-0.0749127983814171,0.0758317268456137,6,6,0.0123909205287831,0.0845301422485504
"31409","WRS1-TRg-2","GAGTTCAAAAAGCAATGGCA","R2877.H.021",9,"H","WRS1",0,"O17",0.00172980138245293,0.0256588853722892,-0.0277587591006803,-0.0258021446149044,-0.0105284577786093,-0.00718761746504804,-0.000123357448646037,-0.0145060732861872,0.026756995973018,0.00992427448722464,-0.00731471536741664,-0.00885803762182868,0.019693399338311,-0.0518366063987226,0.0435014250588788,-0.103025551560953,-0.142968225053956,-0.19768190202975,-0.100266309419819,-0.0371202443002655,-0.146972145501175,0.0743637492626403,0.0488310654716522,-0.0920461949007203,-0.101645930490386,0.0823772306103682,-0.0535664077811755,0.0178425396865896,-0.0752667924602723,-0.117166080439052,-0.187153444251141,-0.0930786919547708,-0.0369968868516194,-0.132466072214988,0.0487160004627321,0.0488680065703896,-0.0847314795333037,-0.0841727422075216,0.0681090442825546,6,6,0.0134957130905672,0.0882449953180731
"8759","YIP1-NRg-2","TCAAATAGCAAAATAATCAA","R2877.H.006",12,"L","YIP1",0,"W23",0.00850291264459124,-0.0317174032292509,0.0138740397326547,0.0648129597346705,0.0292235310184199,0.0227085996926191,-0.00311348361733499,0.0389150301485698,0.0249168700767721,0.0226635864368362,0.0179007732656174,0.0182913197126369,0.0313642187317384,-0.0812943105049333,-0.114369417133669,-0.0595302186732964,-0.0359251190452299,-0.0899593484305279,-0.0162016331815216,-0.0850646487706328,-0.0473620335524264,0.0276133302939427,0.0381857617414144,-0.0662133411615296,-0.0704122645891149,0.0362588681864922,-0.0897972231495245,-0.0826520139044178,-0.0734042584059511,-0.1007380787799,-0.119182879448948,-0.0389102328741406,-0.0819511651532978,-0.0862770637009963,0.00821892419967299,0.042044799498454,-0.084114114427147,-0.0862246185269712,0.0271981685306118,6,6,0.00024166700103311,0.0137832636431667
"4263","YLR140W-NRg-2","GGCCCAAGCTCGCCCCTTCA","R2877.H.003",20,"M","YLR140W",0,"Y39",0.0534729389017943,-0.0106999989183356,0.052405873316226,0.0121017264949959,0.000322767671708357,0.0396035003607971,0.0317262710998949,0.0173426648425004,0.0367461011263213,0.0201579901334351,0.0245344679711977,0.0258526134278965,0.0276534743634959,-0.0863814559971319,-0.0759273367137405,-0.0678030340400082,-0.0164949179877167,-0.00526405272914898,-0.0206506868695189,-0.0767039422502935,-0.0141365525287949,0.00931352659972512,0.0079598079920797,-0.0454202473895442,-0.0442268604547635,0.0351346496405812,-0.139854394898926,-0.0652273377954049,-0.120208907356234,-0.0285966444827126,-0.00558682040085734,-0.0602541872303159,-0.108430213350188,-0.0314792173712953,0.0386827175538263,0.0274474437582107,-0.0699547153607419,-0.0627407625128604,0.0517331871928145,6,6,0.00834218027485268,0.0702611543765605
"11521","YPI1-TRg-5","CGTGCGTTTCAGTATAAACA","R2877.H.008",1,"I","YPI1",0,"Q1",0.0216776370929412,0.00612984547231177,0.00626147744691941,0.0377050402270793,-0.0120580509984132,0.0934183740858534,0.0113563200040575,0.0396884544381732,0.00893876510381316,0.0527661777191489,0.0255223872211153,0.0139695572699303,0.0372354853002592,-0.0437389256768035,-0.0198421414761607,-0.0786492048788152,-0.0859231360072599,-0.0368740381881296,-0.0682381176672924,-0.0474100906772598,-0.063678430620894,0.0295749178503743,0.0248404218701791,-0.0555442606490769,-0.0559885216720479,0.0260016652384888,-0.0654165627697447,-0.0259719869484725,-0.0849106823257346,-0.123628176234339,-0.0248159871897164,-0.161656491753146,-0.0587664106813173,-0.103366885059067,0.0300268354192186,0.070634416981811,-0.0810666478701922,-0.0751636225477397,0.0543423718425813,6,6,0.0063027450754465,0.0623651047564922
